cell_id,wilaya,band,users,latency_ms,packet_loss_pct,traffic_mbps,availability_pct,is_anomaly
DZ-CELL-1000,Biskra,B3 (1800 MHz LTE),717,37.7,0.51,538.28,99.87,0
DZ-CELL-1001,Algiers,B20 (800 MHz LTE),1167,18.72,1.19,366.41,99.64,0
DZ-CELL-1002,Annaba,B7 (2600 MHz LTE),887,32.67,0.09,489.52,99.83,0
DZ-CELL-1003,Constantine,B3 (1800 MHz LTE),815,31.1,0.71,492.51,99.95,0
DZ-CELL-1004,Biskra,B3 (1800 MHz LTE),779,29.61,0.76,511.88,99.91,0
DZ-CELL-1005,Bejaia,n78 (3.5 GHz 5G),1306,29.97,0.76,584.24,99.88,0
DZ-CELL-1006,Algiers,B3 (1800 MHz LTE),701,15.27,0.16,482.03,99.95,0
DZ-CELL-1007,Oran,B7 (2600 MHz LTE),1218,30.21,0.35,570.54,99.53,0
DZ-CELL-1008,Annaba,B3 (1800 MHz LTE),655,34.15,1.26,317.36,99.97,0
DZ-CELL-1009,Chlef,B7 (2600 MHz LTE),1101,35.82,0.34,617.21,99.55,0
DZ-CELL-1010,Tiaret,n78 (3.5 GHz 5G),742,35.03,0.17,571.34,99.99,0
DZ-CELL-1011,Annaba,n78 (3.5 GHz 5G),661,43.32,0.94,524.22,99.92,0
DZ-CELL-1012,Bejaia,B20 (800 MHz LTE),1133,28.67,0.07,563.27,99.75,0
DZ-CELL-1013,Ouargla,B3 (1800 MHz LTE),647,42.39,0.35,590.95,99.94,0
DZ-CELL-1014,Ouargla,B7 (2600 MHz LTE),617,28.15,1.08,284.34,99.88,0
DZ-CELL-1015,Tiaret,n78 (3.5 GHz 5G),1179,33.35,0.43,770.79,100.0,0
DZ-CELL-1016,Blida,B20 (800 MHz LTE),1242,36.43,1.15,393.05,99.83,0
DZ-CELL-1017,Constantine,B7 (2600 MHz LTE),953,21.94,0.6,687.55,99.46,0
DZ-CELL-1018,Ouargla,B20 (800 MHz LTE),830,37.86,0.05,486.13,99.82,0
DZ-CELL-1019,Oran,B3 (1800 MHz LTE),1090,27.59,0.18,465.33,99.68,0
DZ-CELL-1020,Tlemcen,B3 (1800 MHz LTE),1037,14.59,1.14,338.1,99.73,0
DZ-CELL-1021,Blida,B20 (800 MHz LTE),565,20.73,0.27,451.32,99.97,0
DZ-CELL-1022,Bejaia,B20 (800 MHz LTE),848,22.11,0.24,454.6,99.83,0
DZ-CELL-1023,Ouargla,B3 (1800 MHz LTE),1003,24.37,1.45,536.83,99.97,0
DZ-CELL-1024,Tiaret,n78 (3.5 GHz 5G),674,30.77,1.45,763.07,99.99,0
DZ-CELL-1025,Chlef,B3 (1800 MHz LTE),863,26.13,1.03,554.17,99.95,0
DZ-CELL-1026,Tizi Ouzou,n78 (3.5 GHz 5G),1415,23.7,0.05,451.95,99.85,0
DZ-CELL-1027,Oran,B20 (800 MHz LTE),1180,16.41,0.37,343.53,99.97,0
DZ-CELL-1028,Ghardaia,B20 (800 MHz LTE),913,30.09,1.31,325.17,99.79,0
DZ-CELL-1029,Bejaia,B7 (2600 MHz LTE),678,29.29,0.08,472.35,99.75,0
DZ-CELL-1030,Tiaret,B3 (1800 MHz LTE),830,32.22,0.11,559.38,100.0,0
DZ-CELL-1031,Algiers,B7 (2600 MHz LTE),601,32.74,0.09,465.66,99.79,0
DZ-CELL-1032,Ouargla,B20 (800 MHz LTE),772,30.28,0.13,558.21,99.65,0
DZ-CELL-1033,Oran,B7 (2600 MHz LTE),947,44.35,0.1,369.22,99.93,0
DZ-CELL-1034,Ghardaia,B3 (1800 MHz LTE),482,45.24,1.0,422.5,99.94,0
DZ-CELL-1035,Tlemcen,B20 (800 MHz LTE),1080,41.87,0.14,287.16,99.8,0
DZ-CELL-1036,Batna,B20 (800 MHz LTE),1124,15.73,0.26,503.21,99.71,0
DZ-CELL-1037,Constantine,B20 (800 MHz LTE),828,39.29,0.72,476.59,99.89,0
DZ-CELL-1038,Blida,B7 (2600 MHz LTE),1324,37.04,0.13,498.8,99.17,0
DZ-CELL-1039,Biskra,B20 (800 MHz LTE),809,22.34,0.14,491.09,100.0,0
DZ-CELL-1040,Tiaret,B3 (1800 MHz LTE),491,36.14,0.36,593.21,99.95,0
DZ-CELL-1041,Bejaia,B7 (2600 MHz LTE),953,44.15,0.49,652.75,99.96,0
DZ-CELL-1042,Chlef,B7 (2600 MHz LTE),815,38.05,0.22,411.27,99.96,0
DZ-CELL-1043,Constantine,n78 (3.5 GHz 5G),855,29.39,0.42,501.84,99.94,0
DZ-CELL-1044,Tlemcen,B20 (800 MHz LTE),514,26.01,0.2,372.65,99.83,0
DZ-CELL-1045,Tizi Ouzou,B7 (2600 MHz LTE),1081,47.61,1.24,446.5,99.74,0
DZ-CELL-1046,Biskra,B20 (800 MHz LTE),983,20.61,0.05,761.61,99.92,0
DZ-CELL-1047,Ghardaia,B3 (1800 MHz LTE),828,29.36,0.05,506.68,99.74,0
DZ-CELL-1048,Annaba,B3 (1800 MHz LTE),1284,31.65,0.26,557.85,99.68,0
DZ-CELL-1049,Ouargla,B20 (800 MHz LTE),726,23.84,0.4,582.24,99.91,0
DZ-CELL-1050,Tlemcen,B20 (800 MHz LTE),559,30.3,0.35,521.82,99.67,0
DZ-CELL-1051,Oran,B7 (2600 MHz LTE),984,41.65,0.85,596.84,99.94,0
DZ-CELL-1052,Tizi Ouzou,B20 (800 MHz LTE),514,31.57,1.45,527.26,99.96,0
DZ-CELL-1053,Annaba,n78 (3.5 GHz 5G),895,38.14,0.05,494.72,99.76,0
DZ-CELL-1054,Tlemcen,n78 (3.5 GHz 5G),948,30.4,1.45,475.65,99.6,0
DZ-CELL-1055,Constantine,B20 (800 MHz LTE),999,28.51,0.79,577.52,99.99,0
DZ-CELL-1056,Constantine,B7 (2600 MHz LTE),540,35.76,0.06,504.43,99.92,0
DZ-CELL-1057,Tiaret,B20 (800 MHz LTE),744,30.04,0.17,494.85,99.84,0
DZ-CELL-1058,Tiaret,n78 (3.5 GHz 5G),706,39.83,0.44,509.38,99.95,0
DZ-CELL-1059,Tizi Ouzou,n78 (3.5 GHz 5G),1045,37.35,0.72,485.17,98.76,0
DZ-CELL-1060,Blida,B7 (2600 MHz LTE),1119,26.87,0.23,732.88,99.59,0
DZ-CELL-1061,Constantine,n78 (3.5 GHz 5G),770,19.39,0.6,286.55,99.95,0
DZ-CELL-1062,Oran,B3 (1800 MHz LTE),783,25.96,0.15,369.54,99.99,0
DZ-CELL-1063,Ghardaia,B3 (1800 MHz LTE),681,17.5,0.51,347.19,99.95,0
DZ-CELL-1064,Constantine,B7 (2600 MHz LTE),813,25.81,0.95,474.56,99.81,0
DZ-CELL-1065,Ouargla,n78 (3.5 GHz 5G),998,40.75,0.32,658.32,99.95,0
DZ-CELL-1066,Bejaia,B3 (1800 MHz LTE),736,27.51,0.09,409.89,99.99,0
DZ-CELL-1067,Tlemcen,n78 (3.5 GHz 5G),1111,29.2,0.64,350.91,99.76,0
DZ-CELL-1068,Bejaia,n78 (3.5 GHz 5G),925,29.18,0.11,502.32,99.82,0
DZ-CELL-1069,Chlef,B20 (800 MHz LTE),516,25.7,0.94,498.12,99.94,0
DZ-CELL-1070,Chlef,B3 (1800 MHz LTE),969,40.13,0.36,460.54,99.91,0
DZ-CELL-1071,Biskra,B3 (1800 MHz LTE),674,38.63,0.31,375.42,99.98,0
DZ-CELL-1072,Biskra,B20 (800 MHz LTE),1002,24.04,0.05,478.19,99.87,0
DZ-CELL-1073,Ouargla,B20 (800 MHz LTE),1111,41.04,0.19,517.74,99.77,0
DZ-CELL-1074,Oran,B20 (800 MHz LTE),489,35.47,0.95,544.97,99.62,0
DZ-CELL-1075,Tlemcen,B7 (2600 MHz LTE),1093,35.04,0.82,558.65,99.76,0
DZ-CELL-1076,Batna,B3 (1800 MHz LTE),441,123.29,4.33,141.63,93.39,1
DZ-CELL-1077,Chlef,B7 (2600 MHz LTE),666,26.83,0.77,534.45,99.64,0
DZ-CELL-1078,Chlef,B3 (1800 MHz LTE),800,32.03,0.15,501.02,99.8,0
DZ-CELL-1079,Ghardaia,B20 (800 MHz LTE),860,37.65,0.35,331.47,99.7,0
DZ-CELL-1080,Ghardaia,B7 (2600 MHz LTE),908,28.99,0.35,469.52,99.8,0
DZ-CELL-1081,Constantine,B20 (800 MHz LTE),911,33.32,0.05,524.94,99.93,0
DZ-CELL-1082,Ouargla,B7 (2600 MHz LTE),770,33.31,0.39,611.46,99.99,0
DZ-CELL-1083,Chlef,B3 (1800 MHz LTE),514,34.75,0.05,422.16,100.0,0
DZ-CELL-1084,Bejaia,B20 (800 MHz LTE),821,16.74,0.66,418.93,99.94,0
DZ-CELL-1085,Batna,B3 (1800 MHz LTE),1263,22.78,0.71,460.45,99.76,0
DZ-CELL-1086,Oran,B20 (800 MHz LTE),1096,41.83,0.14,551.52,99.89,0
DZ-CELL-1087,Tizi Ouzou,B20 (800 MHz LTE),828,22.8,0.14,662.62,99.17,0
DZ-CELL-1088,Annaba,B3 (1800 MHz LTE),1047,30.45,0.12,342.33,99.6,0
DZ-CELL-1089,Annaba,B3 (1800 MHz LTE),1167,35.79,0.09,476.82,99.59,0
DZ-CELL-1090,Oran,n78 (3.5 GHz 5G),1005,37.42,0.84,550.7,99.97,0
DZ-CELL-1091,Ghardaia,B3 (1800 MHz LTE),1142,41.37,0.3,534.05,99.98,0
DZ-CELL-1092,Ouargla,B7 (2600 MHz LTE),932,26.32,0.25,475.58,99.99,0
DZ-CELL-1093,Constantine,n78 (3.5 GHz 5G),535,20.06,0.72,542.12,99.93,0
DZ-CELL-1094,Chlef,B7 (2600 MHz LTE),789,31.81,0.05,430.25,99.82,0
DZ-CELL-1095,Setif,n78 (3.5 GHz 5G),316,39.68,0.89,359.7,99.7,0
DZ-CELL-1096,Annaba,B7 (2600 MHz LTE),844,27.72,0.05,479.6,99.81,0
DZ-CELL-1097,Tiaret,B20 (800 MHz LTE),595,35.94,0.05,675.98,99.92,0
DZ-CELL-1098,Tlemcen,B20 (800 MHz LTE),657,32.28,0.19,369.82,99.83,0
DZ-CELL-1099,Batna,n78 (3.5 GHz 5G),788,39.42,0.1,548.56,99.96,0
DZ-CELL-1100,Oran,B7 (2600 MHz LTE),910,26.01,0.55,486.56,99.75,0
DZ-CELL-1101,Annaba,B3 (1800 MHz LTE),242,94.83,6.73,93.92,96.6,1
DZ-CELL-1102,Algiers,B7 (2600 MHz LTE),875,39.13,0.76,708.28,99.85,0
DZ-CELL-1103,Bejaia,B7 (2600 MHz LTE),698,29.23,0.05,502.5,99.94,0
DZ-CELL-1104,Algiers,B3 (1800 MHz LTE),623,28.03,0.7,477.32,99.84,0
DZ-CELL-1105,Tiaret,B3 (1800 MHz LTE),1321,25.0,1.45,562.87,99.26,0
DZ-CELL-1106,Annaba,B3 (1800 MHz LTE),601,36.23,0.51,451.69,99.59,0
DZ-CELL-1107,Tizi Ouzou,B3 (1800 MHz LTE),482,39.0,0.25,576.05,99.92,0
DZ-CELL-1108,Ghardaia,B20 (800 MHz LTE),506,47.01,0.58,598.65,99.54,0
DZ-CELL-1109,Oran,B7 (2600 MHz LTE),841,19.75,0.4,417.0,99.51,0
DZ-CELL-1110,Setif,n78 (3.5 GHz 5G),967,22.6,0.45,411.19,99.75,0
DZ-CELL-1111,Annaba,B7 (2600 MHz LTE),937,34.43,0.31,447.94,99.94,0
DZ-CELL-1112,Tiaret,n78 (3.5 GHz 5G),815,39.97,0.33,606.36,99.96,0
DZ-CELL-1113,Annaba,n78 (3.5 GHz 5G),467,34.81,0.13,470.45,99.79,0
DZ-CELL-1114,Ouargla,n78 (3.5 GHz 5G),1093,26.69,0.06,474.84,99.95,0
DZ-CELL-1115,Annaba,B3 (1800 MHz LTE),954,16.29,0.79,507.96,99.89,0
DZ-CELL-1116,Oran,n78 (3.5 GHz 5G),992,21.56,0.55,441.65,99.99,0
DZ-CELL-1117,Blida,n78 (3.5 GHz 5G),773,38.35,0.29,614.48,99.63,0
DZ-CELL-1118,Tlemcen,n78 (3.5 GHz 5G),929,41.74,0.91,451.51,99.94,0
DZ-CELL-1119,Ghardaia,B3 (1800 MHz LTE),806,32.36,1.24,404.37,99.99,0
DZ-CELL-1120,Biskra,B3 (1800 MHz LTE),821,24.24,1.22,488.65,99.99,0
DZ-CELL-1121,Algiers,n78 (3.5 GHz 5G),410,33.05,0.91,529.78,99.88,0
DZ-CELL-1122,Tiaret,B20 (800 MHz LTE),387,52.0,0.49,601.9,99.95,0
DZ-CELL-1123,Ouargla,B3 (1800 MHz LTE),621,34.07,0.26,408.42,99.59,0
DZ-CELL-1124,Annaba,B7 (2600 MHz LTE),970,25.12,0.82,496.55,99.86,0
DZ-CELL-1125,Annaba,n78 (3.5 GHz 5G),930,39.22,0.38,513.84,99.99,0
DZ-CELL-1126,Constantine,n78 (3.5 GHz 5G),893,35.37,0.51,550.26,99.9,0
DZ-CELL-1127,Constantine,B20 (800 MHz LTE),598,26.21,0.48,512.63,98.51,0
DZ-CELL-1128,Batna,B7 (2600 MHz LTE),1071,30.11,0.69,657.51,99.58,0
DZ-CELL-1129,Ghardaia,B3 (1800 MHz LTE),949,19.36,0.5,377.29,99.67,0
DZ-CELL-1130,Batna,B3 (1800 MHz LTE),1008,36.77,0.26,463.49,99.84,0
DZ-CELL-1131,Algiers,B3 (1800 MHz LTE),877,22.41,0.54,299.19,99.9,0
DZ-CELL-1132,Oran,B7 (2600 MHz LTE),508,29.72,0.21,660.62,99.81,0
DZ-CELL-1133,Constantine,n78 (3.5 GHz 5G),1072,15.13,0.9,404.87,99.85,0
DZ-CELL-1134,Batna,n78 (3.5 GHz 5G),750,31.85,0.19,327.15,99.83,0
DZ-CELL-1135,Annaba,n78 (3.5 GHz 5G),488,49.46,0.65,559.77,99.66,0
DZ-CELL-1136,Tizi Ouzou,B3 (1800 MHz LTE),869,102.84,3.97,273.18,97.76,1
DZ-CELL-1137,Tlemcen,B3 (1800 MHz LTE),640,25.47,0.17,371.73,99.68,0
DZ-CELL-1138,Tlemcen,B20 (800 MHz LTE),429,34.98,0.42,371.14,99.89,0
DZ-CELL-1139,Tizi Ouzou,n78 (3.5 GHz 5G),432,81.64,5.21,76.39,95.41,1
DZ-CELL-1140,Tlemcen,n78 (3.5 GHz 5G),1256,33.67,0.05,304.77,99.34,0
DZ-CELL-1141,Constantine,B7 (2600 MHz LTE),946,42.48,0.36,471.73,99.99,0
DZ-CELL-1142,Setif,B7 (2600 MHz LTE),953,33.04,0.41,485.37,99.95,0
DZ-CELL-1143,Algiers,B3 (1800 MHz LTE),858,35.75,0.24,337.4,99.63,0
DZ-CELL-1144,Tiaret,B20 (800 MHz LTE),789,37.64,0.12,400.98,99.65,0
DZ-CELL-1145,Algiers,B3 (1800 MHz LTE),1046,45.65,0.05,388.9,99.8,0
DZ-CELL-1146,Bejaia,n78 (3.5 GHz 5G),1338,22.72,0.08,549.72,99.95,0
DZ-CELL-1147,Chlef,B7 (2600 MHz LTE),941,41.18,0.36,658.57,99.95,0
DZ-CELL-1148,Algiers,B3 (1800 MHz LTE),1171,19.36,0.31,391.6,99.89,0
DZ-CELL-1149,Ghardaia,B7 (2600 MHz LTE),1210,39.32,1.45,601.45,99.97,0
DZ-CELL-1150,Oran,B3 (1800 MHz LTE),916,27.99,0.39,438.3,99.98,0
DZ-CELL-1151,Biskra,B7 (2600 MHz LTE),805,23.74,0.2,401.76,99.99,0
DZ-CELL-1152,Tlemcen,B3 (1800 MHz LTE),683,32.25,0.73,505.72,99.58,0
DZ-CELL-1153,Tizi Ouzou,B7 (2600 MHz LTE),507,35.47,0.18,712.96,99.92,0
DZ-CELL-1154,Bejaia,B3 (1800 MHz LTE),1002,46.6,0.59,402.45,99.83,0
DZ-CELL-1155,Bejaia,B3 (1800 MHz LTE),837,24.57,0.35,549.24,99.98,0
DZ-CELL-1156,Tlemcen,B20 (800 MHz LTE),1198,29.7,0.19,600.04,99.48,0
DZ-CELL-1157,Tizi Ouzou,B20 (800 MHz LTE),984,28.0,0.07,325.21,99.02,0
DZ-CELL-1158,Annaba,B20 (800 MHz LTE),866,37.85,0.83,735.13,99.98,0
DZ-CELL-1159,Annaba,B20 (800 MHz LTE),936,28.04,0.79,519.78,99.7,0
DZ-CELL-1160,Tlemcen,B7 (2600 MHz LTE),614,25.33,0.2,278.02,99.9,0
DZ-CELL-1161,Biskra,B20 (800 MHz LTE),961,48.17,0.33,355.54,99.5,0
DZ-CELL-1162,Batna,B20 (800 MHz LTE),905,31.99,0.86,489.0,99.9,0
DZ-CELL-1163,Tizi Ouzou,B3 (1800 MHz LTE),828,36.26,0.16,545.96,99.98,0
DZ-CELL-1164,Algiers,n78 (3.5 GHz 5G),588,29.35,0.53,483.1,99.8,0
DZ-CELL-1165,Bejaia,B3 (1800 MHz LTE),847,30.31,0.89,501.73,99.49,0
DZ-CELL-1166,Oran,B7 (2600 MHz LTE),1392,29.75,0.65,481.14,99.9,0
DZ-CELL-1167,Chlef,B20 (800 MHz LTE),561,29.21,0.05,370.85,99.99,0
DZ-CELL-1168,Constantine,B20 (800 MHz LTE),961,32.4,0.25,487.09,99.88,0
DZ-CELL-1169,Tizi Ouzou,B3 (1800 MHz LTE),415,34.12,0.11,392.74,99.81,0
DZ-CELL-1170,Tizi Ouzou,B7 (2600 MHz LTE),637,35.13,0.05,456.52,99.99,0
DZ-CELL-1171,Blida,B20 (800 MHz LTE),1177,27.77,0.06,434.8,99.93,0
DZ-CELL-1172,Constantine,n78 (3.5 GHz 5G),916,27.29,0.05,497.66,99.66,0
DZ-CELL-1173,Ghardaia,B20 (800 MHz LTE),850,20.49,0.44,580.37,99.85,0
DZ-CELL-1174,Bejaia,B3 (1800 MHz LTE),194,79.78,5.27,164.52,93.08,1
DZ-CELL-1175,Tizi Ouzou,B3 (1800 MHz LTE),592,41.06,0.6,445.17,99.71,0
DZ-CELL-1176,Tizi Ouzou,B7 (2600 MHz LTE),843,30.69,0.3,419.91,99.85,0
DZ-CELL-1177,Setif,B3 (1800 MHz LTE),936,24.54,0.36,476.6,99.88,0
DZ-CELL-1178,Tizi Ouzou,B3 (1800 MHz LTE),587,31.7,0.18,460.98,99.91,0
DZ-CELL-1179,Tiaret,B7 (2600 MHz LTE),1226,25.44,0.69,229.6,99.55,0
DZ-CELL-1180,Setif,B20 (800 MHz LTE),1101,23.59,0.26,554.57,99.99,0
DZ-CELL-1181,Bejaia,B7 (2600 MHz LTE),742,31.34,0.46,581.35,99.78,0
DZ-CELL-1182,Tiaret,B20 (800 MHz LTE),910,38.0,0.43,483.52,99.97,0
DZ-CELL-1183,Annaba,B20 (800 MHz LTE),684,32.66,0.51,669.43,99.99,0
DZ-CELL-1184,Chlef,n78 (3.5 GHz 5G),902,28.59,0.05,331.82,99.91,0
DZ-CELL-1185,Setif,B3 (1800 MHz LTE),636,37.1,0.09,607.36,99.96,0
DZ-CELL-1186,Oran,n78 (3.5 GHz 5G),912,26.69,0.65,589.57,99.8,0
DZ-CELL-1187,Ghardaia,B20 (800 MHz LTE),683,22.61,0.06,424.73,99.81,0
DZ-CELL-1188,Algiers,B3 (1800 MHz LTE),991,41.18,0.34,409.21,99.22,0
DZ-CELL-1189,Blida,B7 (2600 MHz LTE),1054,42.92,0.62,677.92,99.67,0
DZ-CELL-1190,Biskra,B20 (800 MHz LTE),662,34.69,0.19,365.07,99.88,0
DZ-CELL-1191,Constantine,n78 (3.5 GHz 5G),417,36.35,0.12,496.25,99.97,0
DZ-CELL-1192,Chlef,n78 (3.5 GHz 5G),896,30.77,0.47,574.65,99.6,0
DZ-CELL-1193,Chlef,B3 (1800 MHz LTE),721,38.28,0.28,390.5,99.63,0
DZ-CELL-1194,Oran,B3 (1800 MHz LTE),1045,37.51,0.48,499.91,99.16,0
DZ-CELL-1195,Tizi Ouzou,B7 (2600 MHz LTE),564,31.29,0.58,470.55,99.66,0
DZ-CELL-1196,Chlef,B3 (1800 MHz LTE),856,20.81,0.83,513.97,99.82,0
DZ-CELL-1197,Ghardaia,B20 (800 MHz LTE),1224,17.76,0.37,488.63,99.77,0
DZ-CELL-1198,Bejaia,B7 (2600 MHz LTE),922,38.75,0.64,464.77,100.0,0
DZ-CELL-1199,Tlemcen,B7 (2600 MHz LTE),580,38.21,1.45,378.06,99.98,0
DZ-CELL-1200,Algiers,B20 (800 MHz LTE),1133,28.83,0.1,663.69,99.81,0
DZ-CELL-1201,Blida,B3 (1800 MHz LTE),936,28.14,0.69,357.88,99.84,0
DZ-CELL-1202,Tizi Ouzou,B20 (800 MHz LTE),531,23.7,0.07,559.46,98.88,0
DZ-CELL-1203,Annaba,B7 (2600 MHz LTE),767,25.87,0.58,249.65,99.57,0
DZ-CELL-1204,Biskra,B3 (1800 MHz LTE),476,42.93,0.24,312.18,99.68,0
DZ-CELL-1205,Blida,n78 (3.5 GHz 5G),1127,33.36,0.3,388.07,99.79,0
DZ-CELL-1206,Bejaia,B7 (2600 MHz LTE),877,26.84,0.37,706.77,99.77,0
DZ-CELL-1207,Tizi Ouzou,B7 (2600 MHz LTE),1115,27.31,0.78,571.06,99.86,0
DZ-CELL-1208,Ghardaia,B7 (2600 MHz LTE),1095,27.13,0.55,489.72,99.88,0
DZ-CELL-1209,Ouargla,B7 (2600 MHz LTE),1175,28.76,0.26,382.54,99.98,0
DZ-CELL-1210,Tizi Ouzou,n78 (3.5 GHz 5G),1836,55.0,2.75,956.14,99.5,1
DZ-CELL-1211,Constantine,B20 (800 MHz LTE),613,29.38,0.24,508.78,99.63,0
DZ-CELL-1212,Ouargla,n78 (3.5 GHz 5G),1113,17.47,0.4,426.23,99.92,0
DZ-CELL-1213,Ouargla,B7 (2600 MHz LTE),603,28.04,0.33,564.86,99.93,0
DZ-CELL-1214,Setif,B7 (2600 MHz LTE),1077,30.54,0.83,536.5,99.88,0
DZ-CELL-1215,Ouargla,B3 (1800 MHz LTE),732,23.66,0.05,474.32,99.74,0
DZ-CELL-1216,Tlemcen,B3 (1800 MHz LTE),218,30.79,0.59,413.76,99.81,0
DZ-CELL-1217,Ghardaia,n78 (3.5 GHz 5G),953,34.96,0.48,416.92,99.37,0
DZ-CELL-1218,Annaba,B7 (2600 MHz LTE),635,25.31,0.13,455.09,99.94,0
DZ-CELL-1219,Ghardaia,n78 (3.5 GHz 5G),930,29.72,0.67,652.49,99.99,0
DZ-CELL-1220,Blida,B20 (800 MHz LTE),734,31.89,0.05,213.33,99.91,0
DZ-CELL-1221,Ghardaia,B7 (2600 MHz LTE),1044,33.85,0.37,489.61,99.45,0
DZ-CELL-1222,Annaba,B3 (1800 MHz LTE),825,27.47,0.14,567.37,99.96,0
DZ-CELL-1223,Biskra,B7 (2600 MHz LTE),574,22.0,1.45,745.63,99.81,0
DZ-CELL-1224,Tlemcen,B20 (800 MHz LTE),672,29.64,0.07,399.19,99.62,0
DZ-CELL-1225,Setif,B3 (1800 MHz LTE),671,39.63,0.05,772.95,99.61,0
DZ-CELL-1226,Ouargla,B20 (800 MHz LTE),784,33.14,0.55,388.97,99.88,0
DZ-CELL-1227,Blida,n78 (3.5 GHz 5G),868,22.5,1.31,473.62,99.62,0
DZ-CELL-1228,Biskra,B20 (800 MHz LTE),751,47.08,0.24,548.11,99.99,0
DZ-CELL-1229,Algiers,B3 (1800 MHz LTE),1302,42.48,0.28,486.27,99.99,0
DZ-CELL-1230,Tizi Ouzou,B20 (800 MHz LTE),711,36.52,0.13,426.9,99.72,0
DZ-CELL-1231,Constantine,B20 (800 MHz LTE),640,21.15,0.95,490.45,99.58,0
DZ-CELL-1232,Algiers,B3 (1800 MHz LTE),770,35.84,0.27,577.14,99.85,0
DZ-CELL-1233,Bejaia,n78 (3.5 GHz 5G),832,24.7,0.48,479.41,99.65,0
DZ-CELL-1234,Blida,B20 (800 MHz LTE),1138,27.74,1.45,492.46,99.93,0
DZ-CELL-1235,Tlemcen,B3 (1800 MHz LTE),841,72.35,5.03,756.93,98.58,1
DZ-CELL-1236,Tizi Ouzou,B7 (2600 MHz LTE),1018,30.56,0.34,533.32,99.68,0
DZ-CELL-1237,Setif,B3 (1800 MHz LTE),663,38.25,1.06,432.95,99.94,0
DZ-CELL-1238,Tiaret,n78 (3.5 GHz 5G),729,28.13,1.01,374.94,99.88,0
DZ-CELL-1239,Algiers,B7 (2600 MHz LTE),943,26.48,0.96,502.4,99.67,0
DZ-CELL-1240,Blida,n78 (3.5 GHz 5G),964,32.04,0.24,363.14,99.57,0
DZ-CELL-1241,Oran,B20 (800 MHz LTE),944,23.08,0.05,451.92,99.84,0
DZ-CELL-1242,Bejaia,B20 (800 MHz LTE),1244,33.68,0.99,501.38,99.96,0
DZ-CELL-1243,Biskra,B3 (1800 MHz LTE),772,34.03,0.35,513.46,99.75,0
DZ-CELL-1244,Tiaret,B20 (800 MHz LTE),783,17.34,0.78,246.6,99.86,0
DZ-CELL-1245,Chlef,B20 (800 MHz LTE),716,28.26,0.09,589.2,99.75,0
DZ-CELL-1246,Biskra,n78 (3.5 GHz 5G),725,28.92,0.19,657.69,99.79,0
DZ-CELL-1247,Blida,n78 (3.5 GHz 5G),779,20.61,0.83,616.82,99.87,0
DZ-CELL-1248,Tiaret,B20 (800 MHz LTE),858,33.02,0.06,350.31,99.77,0
DZ-CELL-1249,Chlef,B7 (2600 MHz LTE),1111,28.98,0.82,537.67,99.93,0
DZ-CELL-1250,Annaba,n78 (3.5 GHz 5G),1152,39.59,0.32,369.96,99.99,0
DZ-CELL-1251,Biskra,n78 (3.5 GHz 5G),700,39.72,1.25,335.16,99.59,0
DZ-CELL-1252,Biskra,B7 (2600 MHz LTE),1009,37.01,0.49,525.08,99.78,0
DZ-CELL-1253,Bejaia,B20 (800 MHz LTE),796,24.75,0.27,496.51,99.88,0
DZ-CELL-1254,Tlemcen,B3 (1800 MHz LTE),880,40.25,0.22,421.11,99.73,0
DZ-CELL-1255,Setif,B20 (800 MHz LTE),830,30.34,0.88,526.39,99.93,0
DZ-CELL-1256,Annaba,n78 (3.5 GHz 5G),893,34.38,0.74,377.1,99.65,0
DZ-CELL-1257,Ouargla,B20 (800 MHz LTE),1088,36.95,0.05,437.49,99.76,0
DZ-CELL-1258,Batna,n78 (3.5 GHz 5G),649,32.69,0.12,477.86,99.93,0
DZ-CELL-1259,Batna,B7 (2600 MHz LTE),783,19.95,0.16,565.72,99.73,0
DZ-CELL-1260,Chlef,n78 (3.5 GHz 5G),944,38.74,0.4,468.51,99.68,0
DZ-CELL-1261,Ouargla,B7 (2600 MHz LTE),812,32.62,1.45,428.62,99.61,0
DZ-CELL-1262,Biskra,B3 (1800 MHz LTE),688,32.27,0.8,377.99,99.98,0
DZ-CELL-1263,Setif,B20 (800 MHz LTE),902,33.99,0.8,550.61,99.58,0
DZ-CELL-1264,Oran,B7 (2600 MHz LTE),993,52.0,0.25,408.05,99.7,0
DZ-CELL-1265,Biskra,B20 (800 MHz LTE),447,38.64,0.26,505.3,99.81,0
DZ-CELL-1266,Annaba,B7 (2600 MHz LTE),1118,45.12,0.55,488.3,99.98,0
DZ-CELL-1267,Constantine,B3 (1800 MHz LTE),497,30.08,0.48,215.7,99.4,0
DZ-CELL-1268,Algiers,B7 (2600 MHz LTE),1175,36.58,0.32,411.51,99.94,0
DZ-CELL-1269,Batna,B3 (1800 MHz LTE),892,28.7,0.05,237.15,99.97,0
DZ-CELL-1270,Batna,n78 (3.5 GHz 5G),801,16.49,0.1,314.48,99.95,0
DZ-CELL-1271,Tizi Ouzou,B7 (2600 MHz LTE),1017,30.46,0.05,480.76,99.95,0
DZ-CELL-1272,Tiaret,n78 (3.5 GHz 5G),1088,27.67,0.38,273.73,99.46,0
DZ-CELL-1273,Batna,n78 (3.5 GHz 5G),875,26.16,0.43,458.62,99.98,0
DZ-CELL-1274,Annaba,B7 (2600 MHz LTE),872,15.78,0.93,689.13,99.01,0
DZ-CELL-1275,Biskra,B3 (1800 MHz LTE),836,29.01,0.23,408.18,99.89,0
DZ-CELL-1276,Tizi Ouzou,B3 (1800 MHz LTE),1032,30.64,0.56,306.07,99.65,0
DZ-CELL-1277,Ouargla,n78 (3.5 GHz 5G),1046,33.09,0.52,412.37,99.98,0
DZ-CELL-1278,Annaba,B7 (2600 MHz LTE),666,15.43,0.21,456.78,99.72,0
DZ-CELL-1279,Ouargla,n78 (3.5 GHz 5G),632,35.84,0.5,461.49,99.77,0
DZ-CELL-1280,Algiers,B7 (2600 MHz LTE),1961,55.0,2.77,970.72,99.03,1
DZ-CELL-1281,Batna,B7 (2600 MHz LTE),990,32.44,0.07,398.07,100.0,0
DZ-CELL-1282,Ouargla,n78 (3.5 GHz 5G),476,27.16,0.3,419.64,99.97,0
DZ-CELL-1283,Biskra,B20 (800 MHz LTE),870,17.3,0.59,560.59,99.79,0
DZ-CELL-1284,Ouargla,n78 (3.5 GHz 5G),953,38.34,0.25,348.7,99.93,0
DZ-CELL-1285,Bejaia,n78 (3.5 GHz 5G),1052,30.01,0.72,637.68,99.65,0
DZ-CELL-1286,Ghardaia,n78 (3.5 GHz 5G),449,26.8,0.39,623.48,99.76,0
DZ-CELL-1287,Tizi Ouzou,B7 (2600 MHz LTE),484,24.6,0.08,643.02,99.89,0
DZ-CELL-1288,Tiaret,n78 (3.5 GHz 5G),637,28.77,0.05,624.13,99.92,0
DZ-CELL-1289,Batna,B20 (800 MHz LTE),1157,30.87,0.17,401.49,99.77,0
DZ-CELL-1290,Ouargla,B7 (2600 MHz LTE),491,41.54,0.11,477.1,99.77,0
DZ-CELL-1291,Ghardaia,B20 (800 MHz LTE),911,31.66,0.05,353.87,99.86,0
DZ-CELL-1292,Ouargla,n78 (3.5 GHz 5G),827,35.07,0.05,470.28,99.97,0
DZ-CELL-1293,Biskra,B7 (2600 MHz LTE),768,18.47,1.04,440.95,99.98,0
DZ-CELL-1294,Setif,n78 (3.5 GHz 5G),829,33.72,0.99,609.04,99.17,0
DZ-CELL-1295,Oran,B20 (800 MHz LTE),931,20.45,0.19,316.51,99.84,0
DZ-CELL-1296,Annaba,B20 (800 MHz LTE),890,23.15,0.35,550.19,99.88,0
DZ-CELL-1297,Blida,B20 (800 MHz LTE),960,24.02,0.1,383.92,99.99,0
DZ-CELL-1298,Tizi Ouzou,B3 (1800 MHz LTE),572,25.51,1.45,262.28,99.83,0
DZ-CELL-1299,Constantine,B7 (2600 MHz LTE),1014,30.71,0.44,358.1,99.87,0
DZ-CELL-1300,Annaba,n78 (3.5 GHz 5G),914,38.75,0.38,344.75,99.9,0
DZ-CELL-1301,Tiaret,B7 (2600 MHz LTE),959,31.77,0.35,417.55,99.95,0
DZ-CELL-1302,Tiaret,B7 (2600 MHz LTE),908,45.27,0.92,513.89,99.97,0
DZ-CELL-1303,Oran,n78 (3.5 GHz 5G),763,27.01,0.94,576.05,99.42,0
DZ-CELL-1304,Tlemcen,B20 (800 MHz LTE),822,23.21,1.45,603.87,99.82,0
DZ-CELL-1305,Chlef,n78 (3.5 GHz 5G),838,21.14,0.1,387.3,99.71,0
DZ-CELL-1306,Tlemcen,B3 (1800 MHz LTE),902,14.0,0.31,596.17,99.21,0
DZ-CELL-1307,Annaba,n78 (3.5 GHz 5G),899,40.95,0.65,442.94,99.83,0
DZ-CELL-1308,Tlemcen,B3 (1800 MHz LTE),1106,30.47,1.01,545.29,99.8,0
DZ-CELL-1309,Ghardaia,n78 (3.5 GHz 5G),203,46.68,0.58,453.44,99.76,0
DZ-CELL-1310,Batna,B3 (1800 MHz LTE),759,26.4,0.2,411.06,99.95,0
DZ-CELL-1311,Blida,B20 (800 MHz LTE),1039,27.98,0.05,574.23,99.73,0
DZ-CELL-1312,Ouargla,n78 (3.5 GHz 5G),963,37.37,0.07,568.05,99.79,0
DZ-CELL-1313,Ghardaia,n78 (3.5 GHz 5G),1015,36.38,0.43,529.46,99.98,0
DZ-CELL-1314,Chlef,B7 (2600 MHz LTE),669,31.82,0.24,405.73,99.91,0
DZ-CELL-1315,Batna,B7 (2600 MHz LTE),818,32.8,1.33,465.18,99.98,0
DZ-CELL-1316,Setif,n78 (3.5 GHz 5G),856,36.56,0.16,480.13,99.68,0
DZ-CELL-1317,Batna,B3 (1800 MHz LTE),670,30.66,0.05,489.08,99.9,0
DZ-CELL-1318,Tlemcen,B20 (800 MHz LTE),630,26.27,0.15,571.24,99.92,0
DZ-CELL-1319,Biskra,n78 (3.5 GHz 5G),881,75.0,4.04,244.73,97.83,1
DZ-CELL-1320,Ghardaia,n78 (3.5 GHz 5G),486,41.02,0.47,147.85,99.82,0
DZ-CELL-1321,Tizi Ouzou,B7 (2600 MHz LTE),890,27.13,0.52,500.8,99.94,0
DZ-CELL-1322,Bejaia,B3 (1800 MHz LTE),1035,36.2,0.73,596.62,99.97,0
DZ-CELL-1323,Tizi Ouzou,n78 (3.5 GHz 5G),1450,26.46,0.31,577.89,99.93,0
DZ-CELL-1324,Bejaia,B3 (1800 MHz LTE),923,24.89,0.05,389.53,100.0,0
DZ-CELL-1325,Oran,n78 (3.5 GHz 5G),1096,27.3,0.15,481.69,99.75,0
DZ-CELL-1326,Constantine,n78 (3.5 GHz 5G),661,40.44,0.05,331.95,99.63,0
DZ-CELL-1327,Constantine,B3 (1800 MHz LTE),669,39.71,1.0,406.99,99.89,0
DZ-CELL-1328,Setif,n78 (3.5 GHz 5G),800,37.67,1.45,509.19,99.86,0
DZ-CELL-1329,Blida,B7 (2600 MHz LTE),721,43.77,0.55,333.91,100.0,0
DZ-CELL-1330,Batna,B20 (800 MHz LTE),964,25.88,0.49,489.75,99.93,0
DZ-CELL-1331,Blida,n78 (3.5 GHz 5G),893,33.52,0.46,448.68,99.99,0
DZ-CELL-1332,Setif,n78 (3.5 GHz 5G),939,31.06,0.31,321.18,99.95,0
DZ-CELL-1333,Setif,B3 (1800 MHz LTE),344,21.47,0.05,324.19,99.71,0
DZ-CELL-1334,Batna,B3 (1800 MHz LTE),1121,29.6,0.85,548.44,99.87,0
DZ-CELL-1335,Tiaret,B3 (1800 MHz LTE),599,29.95,0.51,520.16,99.81,0
DZ-CELL-1336,Blida,B7 (2600 MHz LTE),686,28.87,0.47,384.34,99.79,0
DZ-CELL-1337,Biskra,B3 (1800 MHz LTE),1097,43.61,0.1,396.25,99.56,0
DZ-CELL-1338,Ouargla,B3 (1800 MHz LTE),656,21.41,0.05,484.5,99.94,0
DZ-CELL-1339,Ouargla,B3 (1800 MHz LTE),629,20.56,0.05,355.28,99.97,0
DZ-CELL-1340,Annaba,B7 (2600 MHz LTE),802,14.0,0.23,745.39,100.0,0
DZ-CELL-1341,Ghardaia,B3 (1800 MHz LTE),1022,36.04,0.33,475.42,99.77,0
DZ-CELL-1342,Bejaia,B7 (2600 MHz LTE),1081,26.57,0.67,528.23,99.97,0
DZ-CELL-1343,Annaba,B7 (2600 MHz LTE),854,30.22,0.14,501.15,100.0,0
DZ-CELL-1344,Batna,B3 (1800 MHz LTE),1065,26.43,0.33,343.7,100.0,0
DZ-CELL-1345,Bejaia,B7 (2600 MHz LTE),527,39.42,1.45,331.34,99.62,0
DZ-CELL-1346,Batna,B20 (800 MHz LTE),400,101.92,3.0,77.87,93.33,1
DZ-CELL-1347,Constantine,B3 (1800 MHz LTE),810,26.43,0.3,392.33,99.72,0
DZ-CELL-1348,Ouargla,B7 (2600 MHz LTE),697,31.69,1.42,482.3,99.34,0
DZ-CELL-1349,Setif,B3 (1800 MHz LTE),900,30.46,0.11,408.5,99.96,0
DZ-CELL-1350,Bejaia,B3 (1800 MHz LTE),924,24.54,0.68,357.74,99.67,0
DZ-CELL-1351,Tizi Ouzou,B20 (800 MHz LTE),904,22.26,0.5,653.59,99.94,0
DZ-CELL-1352,Bejaia,n78 (3.5 GHz 5G),990,30.22,0.15,588.61,99.75,0
DZ-CELL-1353,Tlemcen,B7 (2600 MHz LTE),833,23.83,1.43,462.86,99.85,0
DZ-CELL-1354,Oran,B7 (2600 MHz LTE),850,19.8,0.51,459.1,99.67,0
DZ-CELL-1355,Oran,B20 (800 MHz LTE),771,48.41,0.26,271.61,99.99,0
DZ-CELL-1356,Ghardaia,B3 (1800 MHz LTE),805,22.76,0.11,432.78,99.35,0
DZ-CELL-1357,Ouargla,B3 (1800 MHz LTE),979,32.36,0.14,516.5,99.89,0
DZ-CELL-1358,Blida,n78 (3.5 GHz 5G),692,33.18,0.44,526.85,99.72,0
DZ-CELL-1359,Biskra,B20 (800 MHz LTE),854,31.36,0.57,343.23,99.94,0
DZ-CELL-1360,Oran,B20 (800 MHz LTE),1156,40.81,0.08,643.25,99.86,0
DZ-CELL-1361,Algiers,n78 (3.5 GHz 5G),928,36.64,0.12,457.18,99.8,0
DZ-CELL-1362,Ghardaia,n78 (3.5 GHz 5G),696,23.87,0.85,428.3,99.89,0
DZ-CELL-1363,Oran,n78 (3.5 GHz 5G),908,31.85,0.49,426.48,99.97,0
DZ-CELL-1364,Blida,n78 (3.5 GHz 5G),683,20.25,1.13,408.57,99.9,0
DZ-CELL-1365,Tiaret,B7 (2600 MHz LTE),1140,33.86,1.36,496.54,99.83,0
DZ-CELL-1366,Tlemcen,B7 (2600 MHz LTE),1112,27.56,0.13,263.29,99.79,0
DZ-CELL-1367,Tiaret,B20 (800 MHz LTE),1046,26.67,1.13,414.25,99.98,0
DZ-CELL-1368,Bejaia,n78 (3.5 GHz 5G),514,32.24,0.05,435.23,99.4,0
DZ-CELL-1369,Batna,n78 (3.5 GHz 5G),1000,20.45,0.39,698.17,99.85,0
DZ-CELL-1370,Ghardaia,B20 (800 MHz LTE),223,108.95,6.9,106.92,96.8,1
DZ-CELL-1371,Ghardaia,B7 (2600 MHz LTE),1677,66.95,1.5,942.72,98.0,1
DZ-CELL-1372,Setif,n78 (3.5 GHz 5G),728,24.3,0.87,193.54,99.67,0
DZ-CELL-1373,Annaba,n78 (3.5 GHz 5G),893,28.41,0.53,585.35,99.71,0
DZ-CELL-1374,Bejaia,n78 (3.5 GHz 5G),640,35.17,0.94,284.36,99.89,0
DZ-CELL-1375,Blida,B3 (1800 MHz LTE),920,37.18,0.05,198.58,99.28,0
DZ-CELL-1376,Batna,B20 (800 MHz LTE),689,24.33,0.16,554.73,99.73,0
DZ-CELL-1377,Constantine,n78 (3.5 GHz 5G),597,30.11,0.16,604.7,99.92,0
DZ-CELL-1378,Annaba,B20 (800 MHz LTE),1039,36.35,0.09,566.17,99.67,0
DZ-CELL-1379,Ouargla,B20 (800 MHz LTE),794,42.95,0.49,290.79,99.98,0
DZ-CELL-1380,Blida,B20 (800 MHz LTE),1246,34.87,0.08,526.02,99.39,0
DZ-CELL-1381,Tizi Ouzou,B20 (800 MHz LTE),1158,20.09,0.56,567.22,99.72,0
DZ-CELL-1382,Chlef,B3 (1800 MHz LTE),857,24.83,0.32,546.74,99.65,0
DZ-CELL-1383,Chlef,B7 (2600 MHz LTE),809,40.11,0.28,589.51,99.49,0
DZ-CELL-1384,Oran,B7 (2600 MHz LTE),1089,38.93,0.89,572.28,99.96,0
DZ-CELL-1385,Tiaret,n78 (3.5 GHz 5G),714,22.26,1.45,345.56,99.61,0
DZ-CELL-1386,Batna,B7 (2600 MHz LTE),1082,39.03,0.37,479.38,99.9,0
DZ-CELL-1387,Tiaret,n78 (3.5 GHz 5G),997,35.41,0.6,421.18,99.9,0
DZ-CELL-1388,Biskra,n78 (3.5 GHz 5G),836,35.41,0.12,577.94,99.84,0
DZ-CELL-1389,Batna,B3 (1800 MHz LTE),976,45.64,0.89,484.39,99.96,0
DZ-CELL-1390,Oran,B20 (800 MHz LTE),903,42.4,0.23,427.33,99.93,0
DZ-CELL-1391,Annaba,n78 (3.5 GHz 5G),660,34.82,0.72,569.08,99.94,0
DZ-CELL-1392,Tiaret,B7 (2600 MHz LTE),1094,46.51,0.8,439.38,99.84,0
DZ-CELL-1393,Setif,B20 (800 MHz LTE),881,24.48,0.2,358.8,99.81,0
DZ-CELL-1394,Batna,B20 (800 MHz LTE),1117,25.49,0.23,421.06,99.77,0
DZ-CELL-1395,Tlemcen,B20 (800 MHz LTE),474,28.76,0.21,462.03,99.42,0
DZ-CELL-1396,Blida,n78 (3.5 GHz 5G),1155,40.6,0.45,440.43,99.72,0
DZ-CELL-1397,Setif,B20 (800 MHz LTE),558,29.79,0.15,421.92,99.89,0
DZ-CELL-1398,Setif,B7 (2600 MHz LTE),557,32.58,1.45,454.66,99.73,0
DZ-CELL-1399,Oran,B7 (2600 MHz LTE),646,27.18,0.19,667.17,99.9,0
DZ-CELL-1400,Blida,B3 (1800 MHz LTE),667,27.03,0.3,378.6,99.79,0
DZ-CELL-1401,Tiaret,B7 (2600 MHz LTE),629,32.66,0.05,523.55,99.98,0
DZ-CELL-1402,Annaba,B7 (2600 MHz LTE),831,33.39,0.05,664.08,99.79,0
DZ-CELL-1403,Tiaret,n78 (3.5 GHz 5G),1144,40.92,0.42,591.5,99.92,0
DZ-CELL-1404,Setif,B20 (800 MHz LTE),994,20.48,0.9,540.66,99.95,0
DZ-CELL-1405,Oran,B7 (2600 MHz LTE),924,44.48,0.51,559.72,99.9,0
DZ-CELL-1406,Setif,B7 (2600 MHz LTE),859,30.08,0.13,542.93,99.9,0
DZ-CELL-1407,Blida,B7 (2600 MHz LTE),836,29.11,0.5,526.25,99.25,0
DZ-CELL-1408,Setif,B3 (1800 MHz LTE),659,30.94,0.62,465.54,99.94,0
DZ-CELL-1409,Tiaret,B7 (2600 MHz LTE),1031,44.58,0.05,425.83,99.82,0
DZ-CELL-1410,Setif,B3 (1800 MHz LTE),1195,41.68,0.12,424.67,99.96,0
DZ-CELL-1411,Algiers,B20 (800 MHz LTE),972,102.18,4.88,198.08,96.84,1
DZ-CELL-1412,Biskra,n78 (3.5 GHz 5G),1225,29.74,0.42,416.19,99.39,0
DZ-CELL-1413,Oran,B3 (1800 MHz LTE),902,35.06,0.78,529.78,99.46,0
DZ-CELL-1414,Bejaia,B20 (800 MHz LTE),541,33.55,0.43,575.61,99.85,0
DZ-CELL-1415,Batna,n78 (3.5 GHz 5G),1045,30.61,1.14,411.85,99.82,0
DZ-CELL-1416,Batna,B20 (800 MHz LTE),472,34.14,0.21,513.42,99.69,0
DZ-CELL-1417,Constantine,B3 (1800 MHz LTE),1008,48.06,0.13,397.43,99.76,0
DZ-CELL-1418,Setif,n78 (3.5 GHz 5G),494,16.73,0.47,419.55,99.88,0
DZ-CELL-1419,Oran,B3 (1800 MHz LTE),1039,26.82,0.3,480.45,99.48,0
DZ-CELL-1420,Tlemcen,n78 (3.5 GHz 5G),905,29.18,0.24,341.78,99.97,0
DZ-CELL-1421,Oran,B3 (1800 MHz LTE),1028,36.07,0.96,365.73,99.66,0
DZ-CELL-1422,Constantine,B7 (2600 MHz LTE),697,34.47,0.15,360.63,99.86,0
DZ-CELL-1423,Ouargla,B20 (800 MHz LTE),668,15.91,0.2,538.61,99.65,0
DZ-CELL-1424,Oran,B7 (2600 MHz LTE),703,39.54,1.1,466.2,99.91,0
DZ-CELL-1425,Oran,n78 (3.5 GHz 5G),922,37.31,0.94,480.99,99.98,0
DZ-CELL-1426,Bejaia,B7 (2600 MHz LTE),1084,15.95,0.31,520.42,99.77,0
DZ-CELL-1427,Ouargla,n78 (3.5 GHz 5G),781,33.31,0.62,498.11,99.88,0
DZ-CELL-1428,Batna,n78 (3.5 GHz 5G),607,34.69,0.5,541.11,99.95,0
DZ-CELL-1429,Setif,n78 (3.5 GHz 5G),647,32.84,0.08,671.91,99.98,0
DZ-CELL-1430,Setif,B3 (1800 MHz LTE),788,35.19,0.2,456.13,99.85,0
DZ-CELL-1431,Bejaia,B3 (1800 MHz LTE),782,21.37,0.05,545.98,99.9,0
DZ-CELL-1432,Ouargla,B7 (2600 MHz LTE),687,26.76,1.45,592.35,99.89,0
DZ-CELL-1433,Biskra,B7 (2600 MHz LTE),1309,42.06,0.54,223.63,99.76,0
DZ-CELL-1434,Setif,B3 (1800 MHz LTE),850,22.27,0.24,516.06,99.85,0
DZ-CELL-1435,Constantine,B7 (2600 MHz LTE),1053,33.89,0.06,379.14,99.92,0
DZ-CELL-1436,Constantine,B3 (1800 MHz LTE),945,25.95,0.1,574.43,99.95,0
DZ-CELL-1437,Constantine,B3 (1800 MHz LTE),798,14.0,0.05,508.55,99.69,0
DZ-CELL-1438,Tlemcen,n78 (3.5 GHz 5G),839,26.26,0.37,641.06,99.94,0
DZ-CELL-1439,Tiaret,n78 (3.5 GHz 5G),1069,41.33,0.78,494.52,99.63,0
DZ-CELL-1440,Setif,B3 (1800 MHz LTE),391,30.6,0.71,334.88,99.61,0
DZ-CELL-1441,Annaba,B20 (800 MHz LTE),805,31.32,0.05,592.57,99.9,0
DZ-CELL-1442,Tiaret,B20 (800 MHz LTE),789,39.06,0.35,413.26,99.91,0
DZ-CELL-1443,Tiaret,n78 (3.5 GHz 5G),896,29.79,1.45,628.08,99.84,0
DZ-CELL-1444,Oran,B7 (2600 MHz LTE),612,26.83,0.19,411.32,99.91,0
DZ-CELL-1445,Tizi Ouzou,B20 (800 MHz LTE),809,45.21,0.48,448.89,99.75,0
DZ-CELL-1446,Ouargla,B7 (2600 MHz LTE),804,47.83,0.05,545.87,99.84,0
DZ-CELL-1447,Tlemcen,B3 (1800 MHz LTE),997,42.47,0.63,525.61,99.68,0
DZ-CELL-1448,Chlef,B7 (2600 MHz LTE),598,32.43,0.5,634.37,99.96,0
DZ-CELL-1449,Biskra,B7 (2600 MHz LTE),1003,33.13,0.62,467.03,99.52,0
DZ-CELL-1450,Tizi Ouzou,B20 (800 MHz LTE),969,42.81,0.48,500.97,99.8,0
DZ-CELL-1451,Ghardaia,B7 (2600 MHz LTE),1057,31.31,0.57,346.12,99.94,0
DZ-CELL-1452,Oran,B3 (1800 MHz LTE),711,24.44,0.12,439.24,99.52,0
DZ-CELL-1453,Constantine,B20 (800 MHz LTE),540,21.71,0.05,483.41,99.76,0
DZ-CELL-1454,Bejaia,B20 (800 MHz LTE),1104,28.84,0.48,407.64,99.76,0
DZ-CELL-1455,Batna,B3 (1800 MHz LTE),1037,32.74,0.46,474.19,99.92,0
DZ-CELL-1456,Batna,B20 (800 MHz LTE),670,27.43,0.53,530.95,99.94,0
DZ-CELL-1457,Tiaret,n78 (3.5 GHz 5G),549,39.83,0.68,539.09,99.71,0
DZ-CELL-1458,Setif,n78 (3.5 GHz 5G),641,42.76,0.25,518.46,99.99,0
DZ-CELL-1459,Batna,B3 (1800 MHz LTE),505,22.73,1.03,608.11,99.56,0
DZ-CELL-1460,Bejaia,B3 (1800 MHz LTE),997,29.81,1.45,516.86,99.94,0
DZ-CELL-1461,Tizi Ouzou,n78 (3.5 GHz 5G),919,26.7,0.05,493.79,98.64,0
DZ-CELL-1462,Tiaret,B20 (800 MHz LTE),1105,25.92,0.74,368.16,100.0,0
DZ-CELL-1463,Bejaia,B20 (800 MHz LTE),796,41.11,0.38,414.27,99.92,0
DZ-CELL-1464,Algiers,B3 (1800 MHz LTE),585,37.19,0.05,548.43,99.71,0
DZ-CELL-1465,Annaba,B3 (1800 MHz LTE),1142,40.04,0.44,702.21,99.6,0
DZ-CELL-1466,Ouargla,B20 (800 MHz LTE),1209,45.16,1.45,441.34,99.75,0
DZ-CELL-1467,Bejaia,B3 (1800 MHz LTE),1193,21.84,0.41,419.15,99.47,0
DZ-CELL-1468,Ouargla,B7 (2600 MHz LTE),804,36.2,0.34,548.81,99.82,0
DZ-CELL-1469,Batna,n78 (3.5 GHz 5G),1044,31.5,0.51,408.16,99.77,0
DZ-CELL-1470,Tizi Ouzou,B20 (800 MHz LTE),972,30.8,0.08,695.88,99.76,0
DZ-CELL-1471,Constantine,n78 (3.5 GHz 5G),850,22.16,0.08,575.44,99.8,0
DZ-CELL-1472,Biskra,n78 (3.5 GHz 5G),584,34.8,0.55,698.58,99.64,0
DZ-CELL-1473,Oran,n78 (3.5 GHz 5G),733,35.92,0.54,626.4,99.64,0
DZ-CELL-1474,Blida,n78 (3.5 GHz 5G),634,52.0,0.23,506.55,99.94,0
DZ-CELL-1475,Blida,B20 (800 MHz LTE),596,33.13,0.4,564.18,99.91,0
DZ-CELL-1476,Biskra,B3 (1800 MHz LTE),672,30.88,0.42,355.63,99.6,0
DZ-CELL-1477,Ghardaia,B7 (2600 MHz LTE),986,30.75,0.6,503.31,99.93,0
DZ-CELL-1478,Blida,n78 (3.5 GHz 5G),913,32.56,0.28,423.19,99.26,0
DZ-CELL-1479,Tiaret,n78 (3.5 GHz 5G),806,34.57,1.25,513.93,99.98,0
DZ-CELL-1480,Setif,n78 (3.5 GHz 5G),703,30.67,0.11,460.55,99.94,0
DZ-CELL-1481,Ghardaia,B3 (1800 MHz LTE),509,19.23,0.72,429.09,99.92,0
DZ-CELL-1482,Batna,B3 (1800 MHz LTE),626,26.29,0.06,395.3,99.78,0
DZ-CELL-1483,Blida,B20 (800 MHz LTE),564,29.15,0.19,516.53,99.6,0
DZ-CELL-1484,Blida,B3 (1800 MHz LTE),428,30.87,0.37,440.44,99.83,0
DZ-CELL-1485,Ouargla,n78 (3.5 GHz 5G),916,23.26,0.44,481.98,99.94,0
DZ-CELL-1486,Ghardaia,B3 (1800 MHz LTE),663,31.82,0.28,580.69,99.99,0
DZ-CELL-1487,Biskra,n78 (3.5 GHz 5G),729,23.11,0.58,224.58,99.83,0
DZ-CELL-1488,Tlemcen,B3 (1800 MHz LTE),1098,37.11,0.89,523.32,99.63,0
DZ-CELL-1489,Annaba,B20 (800 MHz LTE),425,23.12,0.3,425.07,99.73,0
DZ-CELL-1490,Bejaia,n78 (3.5 GHz 5G),120,20.98,0.82,584.66,99.9,0
DZ-CELL-1491,Biskra,n78 (3.5 GHz 5G),769,28.05,0.65,263.93,99.97,0
DZ-CELL-1492,Ouargla,B3 (1800 MHz LTE),907,22.59,0.39,724.07,99.95,0
DZ-CELL-1493,Annaba,B20 (800 MHz LTE),815,16.27,0.49,575.02,99.97,0
DZ-CELL-1494,Chlef,B7 (2600 MHz LTE),565,34.18,0.15,413.13,99.65,0
DZ-CELL-1495,Tizi Ouzou,B20 (800 MHz LTE),731,34.85,1.45,459.01,99.83,0
DZ-CELL-1496,Batna,n78 (3.5 GHz 5G),772,24.53,0.72,401.03,99.84,0
DZ-CELL-1497,Oran,B3 (1800 MHz LTE),799,35.01,0.09,531.51,99.78,0
DZ-CELL-1498,Biskra,B7 (2600 MHz LTE),699,26.92,0.93,387.76,100.0,0
DZ-CELL-1499,Tiaret,B7 (2600 MHz LTE),213,92.4,6.18,180.93,95.72,1
DZ-CELL-1500,Chlef,B3 (1800 MHz LTE),818,23.12,0.19,476.58,99.49,0
DZ-CELL-1501,Chlef,n78 (3.5 GHz 5G),649,27.08,1.08,399.38,99.87,0
DZ-CELL-1502,Oran,B7 (2600 MHz LTE),1200,30.46,0.08,177.77,99.82,0
DZ-CELL-1503,Ghardaia,B3 (1800 MHz LTE),740,40.79,0.08,439.81,99.99,0
DZ-CELL-1504,Batna,B3 (1800 MHz LTE),718,23.67,0.32,564.5,99.86,0
DZ-CELL-1505,Biskra,B7 (2600 MHz LTE),897,27.12,0.05,480.2,99.84,0
DZ-CELL-1506,Batna,B20 (800 MHz LTE),1113,30.36,0.08,474.99,99.95,0
DZ-CELL-1507,Chlef,B20 (800 MHz LTE),756,33.87,0.15,381.72,99.96,0
DZ-CELL-1508,Tlemcen,n78 (3.5 GHz 5G),1118,28.35,0.22,421.11,99.7,0
DZ-CELL-1509,Batna,B7 (2600 MHz LTE),928,37.66,0.38,356.99,99.47,0
DZ-CELL-1510,Batna,B7 (2600 MHz LTE),709,30.75,0.05,490.79,99.7,0
DZ-CELL-1511,Tlemcen,B7 (2600 MHz LTE),1135,26.73,0.05,347.48,99.35,0
DZ-CELL-1512,Tizi Ouzou,B7 (2600 MHz LTE),961,33.47,0.14,653.59,99.92,0
DZ-CELL-1513,Ghardaia,B3 (1800 MHz LTE),438,93.28,6.46,76.68,92.04,1
DZ-CELL-1514,Ouargla,n78 (3.5 GHz 5G),1068,39.79,0.44,413.56,99.88,0
DZ-CELL-1515,Blida,B20 (800 MHz LTE),799,25.85,0.81,342.35,99.45,0
DZ-CELL-1516,Ghardaia,B3 (1800 MHz LTE),746,23.34,1.19,515.65,99.97,0
DZ-CELL-1517,Setif,B20 (800 MHz LTE),597,31.59,0.31,533.34,99.94,0
DZ-CELL-1518,Ghardaia,n78 (3.5 GHz 5G),1306,29.21,0.63,531.33,99.53,0
DZ-CELL-1519,Ghardaia,B7 (2600 MHz LTE),1184,36.25,0.05,556.89,100.0,0
DZ-CELL-1520,Batna,n78 (3.5 GHz 5G),989,23.62,0.24,582.54,99.55,0
DZ-CELL-1521,Blida,B20 (800 MHz LTE),1057,64.76,4.33,550.6,98.85,1
DZ-CELL-1522,Batna,B20 (800 MHz LTE),739,28.3,0.19,614.54,99.97,0
DZ-CELL-1523,Ghardaia,B7 (2600 MHz LTE),793,33.72,0.15,668.39,99.86,0
DZ-CELL-1524,Tiaret,B7 (2600 MHz LTE),1021,19.81,0.26,580.25,99.92,0
DZ-CELL-1525,Bejaia,n78 (3.5 GHz 5G),873,38.39,1.21,617.66,99.66,0
DZ-CELL-1526,Annaba,n78 (3.5 GHz 5G),1270,38.07,1.03,297.96,100.0,0
DZ-CELL-1527,Algiers,B20 (800 MHz LTE),927,73.6,4.26,665.95,97.56,1
DZ-CELL-1528,Tiaret,n78 (3.5 GHz 5G),623,31.27,1.45,646.8,99.99,0
DZ-CELL-1529,Tlemcen,B7 (2600 MHz LTE),982,35.18,0.05,708.88,99.96,0
DZ-CELL-1530,Batna,B3 (1800 MHz LTE),466,36.37,1.25,270.14,99.99,0
DZ-CELL-1531,Constantine,B20 (800 MHz LTE),660,32.97,0.28,446.82,99.95,0
DZ-CELL-1532,Ghardaia,B3 (1800 MHz LTE),538,36.9,0.39,599.1,99.66,0
DZ-CELL-1533,Ghardaia,n78 (3.5 GHz 5G),746,15.77,0.2,443.85,99.67,0
DZ-CELL-1534,Oran,n78 (3.5 GHz 5G),612,27.22,0.05,312.87,99.63,0
DZ-CELL-1535,Algiers,B7 (2600 MHz LTE),226,27.83,0.74,336.85,99.65,0
DZ-CELL-1536,Tlemcen,B7 (2600 MHz LTE),675,15.23,0.16,500.95,99.85,0
DZ-CELL-1537,Oran,n78 (3.5 GHz 5G),948,31.8,0.24,423.48,99.96,0
DZ-CELL-1538,Ouargla,B20 (800 MHz LTE),885,32.4,0.37,442.32,99.89,0
DZ-CELL-1539,Blida,n78 (3.5 GHz 5G),887,34.0,1.25,380.23,99.78,0
DZ-CELL-1540,Biskra,B3 (1800 MHz LTE),802,27.27,0.36,607.5,99.66,0
DZ-CELL-1541,Ghardaia,B20 (800 MHz LTE),776,20.29,0.13,631.78,99.98,0
DZ-CELL-1542,Ghardaia,n78 (3.5 GHz 5G),614,18.6,0.51,418.89,99.9,0
DZ-CELL-1543,Blida,n78 (3.5 GHz 5G),894,29.17,0.79,441.54,99.99,0
DZ-CELL-1544,Ghardaia,B3 (1800 MHz LTE),586,29.81,0.95,313.41,99.86,0
DZ-CELL-1545,Bejaia,B3 (1800 MHz LTE),920,34.65,1.23,451.85,99.5,0
DZ-CELL-1546,Annaba,B20 (800 MHz LTE),1151,42.72,0.23,502.26,99.77,0
DZ-CELL-1547,Annaba,B3 (1800 MHz LTE),1209,44.2,0.78,424.71,99.97,0
DZ-CELL-1548,Tlemcen,B3 (1800 MHz LTE),883,41.41,0.84,263.62,99.51,0
DZ-CELL-1549,Ouargla,B3 (1800 MHz LTE),898,75.86,3.37,861.52,96.5,1
DZ-CELL-1550,Constantine,B20 (800 MHz LTE),998,18.77,0.18,469.61,99.74,0
DZ-CELL-1551,Tizi Ouzou,B3 (1800 MHz LTE),942,41.81,0.74,350.33,99.41,0
DZ-CELL-1552,Algiers,B20 (800 MHz LTE),1146,28.44,0.14,661.44,99.77,0
DZ-CELL-1553,Ouargla,B3 (1800 MHz LTE),1085,35.33,0.11,353.29,99.93,0
DZ-CELL-1554,Setif,B20 (800 MHz LTE),355,41.46,0.08,446.91,99.72,0
DZ-CELL-1555,Blida,n78 (3.5 GHz 5G),583,25.7,0.05,455.28,99.78,0
DZ-CELL-1556,Constantine,B7 (2600 MHz LTE),600,34.58,0.12,534.03,99.48,0
DZ-CELL-1557,Chlef,n78 (3.5 GHz 5G),771,27.55,0.05,468.32,99.83,0
DZ-CELL-1558,Bejaia,B7 (2600 MHz LTE),771,31.39,0.39,470.18,99.82,0
DZ-CELL-1559,Constantine,B7 (2600 MHz LTE),841,34.58,0.35,471.82,99.94,0
DZ-CELL-1560,Oran,n78 (3.5 GHz 5G),625,39.01,1.06,573.14,99.99,0
DZ-CELL-1561,Bejaia,B7 (2600 MHz LTE),382,41.08,0.74,450.41,99.95,0
DZ-CELL-1562,Batna,B7 (2600 MHz LTE),989,27.88,1.2,467.83,99.92,0
DZ-CELL-1563,Annaba,n78 (3.5 GHz 5G),652,37.08,0.05,394.75,99.86,0
DZ-CELL-1564,Biskra,B20 (800 MHz LTE),424,26.93,0.23,343.88,99.83,0
DZ-CELL-1565,Batna,B20 (800 MHz LTE),874,36.56,0.08,558.58,99.97,0
DZ-CELL-1566,Biskra,B3 (1800 MHz LTE),672,21.91,0.24,437.11,99.99,0
DZ-CELL-1567,Tizi Ouzou,n78 (3.5 GHz 5G),884,43.76,0.1,385.45,99.79,0
DZ-CELL-1568,Tizi Ouzou,B20 (800 MHz LTE),965,29.56,1.02,369.76,99.89,0
DZ-CELL-1569,Biskra,B7 (2600 MHz LTE),684,37.71,0.79,353.95,99.78,0
DZ-CELL-1570,Oran,n78 (3.5 GHz 5G),767,40.87,0.08,394.18,99.78,0
DZ-CELL-1571,Blida,B20 (800 MHz LTE),1142,29.17,1.45,457.31,99.97,0
DZ-CELL-1572,Biskra,n78 (3.5 GHz 5G),983,40.37,0.39,434.93,99.87,0
DZ-CELL-1573,Tiaret,B20 (800 MHz LTE),1006,22.14,0.25,674.33,99.92,0
DZ-CELL-1574,Batna,B20 (800 MHz LTE),1101,33.57,0.1,500.37,99.65,0
DZ-CELL-1575,Annaba,n78 (3.5 GHz 5G),943,43.02,0.05,512.5,99.66,0
DZ-CELL-1576,Ghardaia,n78 (3.5 GHz 5G),995,26.57,0.13,579.04,99.92,0
DZ-CELL-1577,Oran,B7 (2600 MHz LTE),949,38.76,0.42,665.73,99.77,0
DZ-CELL-1578,Tlemcen,B20 (800 MHz LTE),471,45.71,0.15,399.12,99.76,0
DZ-CELL-1579,Bejaia,B20 (800 MHz LTE),1008,36.64,0.62,335.21,99.95,0
DZ-CELL-1580,Tiaret,B20 (800 MHz LTE),1086,34.44,0.05,386.85,99.87,0
DZ-CELL-1581,Algiers,n78 (3.5 GHz 5G),1124,30.43,0.28,538.68,100.0,0
DZ-CELL-1582,Setif,B3 (1800 MHz LTE),809,29.59,0.05,362.21,99.84,0
DZ-CELL-1583,Bejaia,B3 (1800 MHz LTE),1270,27.91,0.49,384.27,99.33,0
DZ-CELL-1584,Tizi Ouzou,n78 (3.5 GHz 5G),1206,46.63,0.31,296.45,99.5,0
DZ-CELL-1585,Ghardaia,B20 (800 MHz LTE),1082,23.99,0.56,449.25,99.93,0
DZ-CELL-1586,Ouargla,B7 (2600 MHz LTE),1268,33.84,1.04,550.25,99.77,0
DZ-CELL-1587,Bejaia,B20 (800 MHz LTE),1082,31.13,0.05,507.78,99.94,0
DZ-CELL-1588,Annaba,B7 (2600 MHz LTE),993,23.47,0.45,453.81,99.74,0
DZ-CELL-1589,Bejaia,B20 (800 MHz LTE),860,40.74,0.37,342.98,99.92,0
DZ-CELL-1590,Biskra,B7 (2600 MHz LTE),682,34.15,0.23,576.95,99.97,0
DZ-CELL-1591,Biskra,B3 (1800 MHz LTE),1008,22.27,0.05,396.64,99.84,0
DZ-CELL-1592,Tizi Ouzou,B3 (1800 MHz LTE),983,52.0,0.05,243.24,99.81,0
DZ-CELL-1593,Setif,n78 (3.5 GHz 5G),1042,21.58,0.05,414.54,99.92,0
DZ-CELL-1594,Algiers,B20 (800 MHz LTE),843,34.06,0.34,620.47,99.92,0
DZ-CELL-1595,Tiaret,B7 (2600 MHz LTE),924,25.87,0.5,300.41,99.77,0
DZ-CELL-1596,Oran,B20 (800 MHz LTE),675,29.01,0.45,503.83,99.76,0
DZ-CELL-1597,Blida,n78 (3.5 GHz 5G),624,39.77,0.93,570.17,99.86,0
DZ-CELL-1598,Constantine,B7 (2600 MHz LTE),1013,42.8,0.09,709.47,99.62,0
DZ-CELL-1599,Constantine,B20 (800 MHz LTE),626,29.78,1.45,453.58,99.98,0
DZ-CELL-1600,Chlef,B20 (800 MHz LTE),1412,27.18,0.35,501.57,99.84,0
DZ-CELL-1601,Ghardaia,B7 (2600 MHz LTE),651,36.93,0.77,340.26,99.99,0
DZ-CELL-1602,Setif,n78 (3.5 GHz 5G),1283,31.85,0.13,580.51,99.54,0
DZ-CELL-1603,Ouargla,B20 (800 MHz LTE),509,34.59,0.59,621.52,99.91,0
DZ-CELL-1604,Tiaret,B20 (800 MHz LTE),735,48.23,0.09,535.31,99.91,0
DZ-CELL-1605,Ouargla,B3 (1800 MHz LTE),1245,29.19,0.65,462.89,99.76,0
DZ-CELL-1606,Batna,B3 (1800 MHz LTE),1119,23.19,0.23,448.72,99.89,0
DZ-CELL-1607,Constantine,B7 (2600 MHz LTE),1199,33.64,1.45,372.33,99.91,0
DZ-CELL-1608,Ghardaia,n78 (3.5 GHz 5G),810,28.29,0.32,530.4,98.78,0
DZ-CELL-1609,Ghardaia,B20 (800 MHz LTE),634,16.51,0.23,404.54,99.98,0
DZ-CELL-1610,Oran,n78 (3.5 GHz 5G),803,39.2,0.22,402.01,99.79,0
DZ-CELL-1611,Algiers,B20 (800 MHz LTE),1279,33.29,1.39,536.19,99.97,0
DZ-CELL-1612,Chlef,B3 (1800 MHz LTE),1387,27.93,0.39,294.91,99.97,0
DZ-CELL-1613,Batna,B20 (800 MHz LTE),624,23.62,0.6,440.54,99.95,0
DZ-CELL-1614,Biskra,B20 (800 MHz LTE),867,26.89,0.41,503.38,99.92,0
DZ-CELL-1615,Bejaia,n78 (3.5 GHz 5G),1075,33.39,0.05,632.98,99.83,0
DZ-CELL-1616,Ghardaia,B20 (800 MHz LTE),805,38.03,0.16,471.86,99.89,0
DZ-CELL-1617,Oran,B7 (2600 MHz LTE),833,26.33,1.26,498.98,99.72,0
DZ-CELL-1618,Batna,B3 (1800 MHz LTE),1114,34.38,0.05,729.86,99.65,0
DZ-CELL-1619,Bejaia,B20 (800 MHz LTE),761,26.7,1.27,578.85,99.97,0
DZ-CELL-1620,Tizi Ouzou,B7 (2600 MHz LTE),973,25.9,0.05,527.96,99.83,0
DZ-CELL-1621,Biskra,B3 (1800 MHz LTE),800,70.24,4.23,774.12,98.14,1
DZ-CELL-1622,Tizi Ouzou,B20 (800 MHz LTE),720,38.33,0.06,699.07,99.9,0
DZ-CELL-1623,Biskra,n78 (3.5 GHz 5G),666,32.99,1.05,415.15,99.9,0
DZ-CELL-1624,Oran,B7 (2600 MHz LTE),785,21.13,0.05,526.84,99.82,0
DZ-CELL-1625,Algiers,B3 (1800 MHz LTE),942,40.56,0.36,418.47,99.65,0
DZ-CELL-1626,Setif,n78 (3.5 GHz 5G),1973,80.03,1.5,1049.74,98.83,1
DZ-CELL-1627,Oran,B7 (2600 MHz LTE),976,21.92,0.44,535.59,99.83,0
DZ-CELL-1628,Tizi Ouzou,B7 (2600 MHz LTE),1158,36.16,0.33,556.49,99.98,0
DZ-CELL-1629,Tlemcen,n78 (3.5 GHz 5G),598,22.88,0.09,456.88,99.95,0
DZ-CELL-1630,Blida,n78 (3.5 GHz 5G),731,30.98,0.23,157.76,99.9,0
DZ-CELL-1631,Bejaia,B7 (2600 MHz LTE),1301,30.52,0.32,500.8,99.99,0
DZ-CELL-1632,Tizi Ouzou,n78 (3.5 GHz 5G),877,26.49,0.38,497.24,99.36,0
DZ-CELL-1633,Biskra,B3 (1800 MHz LTE),1075,47.78,0.05,545.6,99.42,0
DZ-CELL-1634,Ghardaia,n78 (3.5 GHz 5G),742,38.16,0.05,469.95,99.97,0
DZ-CELL-1635,Bejaia,n78 (3.5 GHz 5G),832,19.72,0.2,493.16,99.09,0
DZ-CELL-1636,Setif,B3 (1800 MHz LTE),358,88.28,4.9,74.45,92.46,1
DZ-CELL-1637,Annaba,n78 (3.5 GHz 5G),872,23.65,0.3,674.72,99.89,0
DZ-CELL-1638,Batna,B7 (2600 MHz LTE),874,35.81,0.59,378.3,99.95,0
DZ-CELL-1639,Ghardaia,B20 (800 MHz LTE),498,36.66,0.36,594.42,99.87,0
DZ-CELL-1640,Oran,B20 (800 MHz LTE),652,22.16,0.69,484.97,99.95,0
DZ-CELL-1641,Chlef,B20 (800 MHz LTE),861,20.55,1.45,292.77,99.96,0
DZ-CELL-1642,Algiers,n78 (3.5 GHz 5G),718,40.08,0.59,668.32,99.64,0
DZ-CELL-1643,Setif,B7 (2600 MHz LTE),465,34.55,0.05,511.02,99.76,0
DZ-CELL-1644,Oran,n78 (3.5 GHz 5G),794,23.98,0.36,535.3,98.87,0
DZ-CELL-1645,Oran,B7 (2600 MHz LTE),301,34.99,0.23,388.88,99.97,0
DZ-CELL-1646,Biskra,B3 (1800 MHz LTE),1150,23.23,0.3,278.51,99.82,0
DZ-CELL-1647,Algiers,B20 (800 MHz LTE),618,23.15,0.29,508.99,99.84,0
DZ-CELL-1648,Annaba,B7 (2600 MHz LTE),542,34.54,0.61,474.61,99.7,0
DZ-CELL-1649,Ouargla,B7 (2600 MHz LTE),814,19.84,0.53,527.71,99.83,0
DZ-CELL-1650,Oran,B7 (2600 MHz LTE),994,38.21,0.42,357.73,99.94,0
DZ-CELL-1651,Bejaia,B7 (2600 MHz LTE),842,45.57,0.32,317.83,99.93,0
DZ-CELL-1652,Ghardaia,B7 (2600 MHz LTE),849,30.29,0.15,550.46,99.96,0
DZ-CELL-1653,Blida,B7 (2600 MHz LTE),877,25.32,0.44,473.2,99.84,0
DZ-CELL-1654,Ouargla,B3 (1800 MHz LTE),977,14.0,1.02,505.2,99.56,0
DZ-CELL-1655,Setif,B7 (2600 MHz LTE),1086,41.4,0.25,523.08,99.72,0
DZ-CELL-1656,Constantine,B20 (800 MHz LTE),881,38.2,0.09,388.48,99.94,0
DZ-CELL-1657,Ouargla,B7 (2600 MHz LTE),709,35.92,0.4,278.17,99.89,0
DZ-CELL-1658,Oran,B3 (1800 MHz LTE),690,33.5,0.05,487.84,99.95,0
DZ-CELL-1659,Constantine,B3 (1800 MHz LTE),565,26.61,0.75,308.06,100.0,0
DZ-CELL-1660,Blida,B7 (2600 MHz LTE),480,114.56,5.31,164.97,96.8,1
DZ-CELL-1661,Algiers,B7 (2600 MHz LTE),1015,35.6,1.45,501.88,99.75,0
DZ-CELL-1662,Setif,B3 (1800 MHz LTE),992,29.27,0.05,516.98,99.94,0
DZ-CELL-1663,Constantine,n78 (3.5 GHz 5G),799,28.45,0.88,439.76,99.86,0
DZ-CELL-1664,Chlef,B3 (1800 MHz LTE),600,37.69,0.64,394.22,99.89,0
DZ-CELL-1665,Tiaret,B3 (1800 MHz LTE),1088,36.2,0.16,500.63,99.7,0
DZ-CELL-1666,Batna,n78 (3.5 GHz 5G),1017,39.91,1.45,371.56,99.78,0
DZ-CELL-1667,Ouargla,B20 (800 MHz LTE),787,35.98,0.1,658.47,99.86,0
DZ-CELL-1668,Chlef,B3 (1800 MHz LTE),698,18.65,0.47,388.22,99.9,0
DZ-CELL-1669,Batna,B7 (2600 MHz LTE),1018,25.75,0.69,409.79,99.52,0
DZ-CELL-1670,Bejaia,B3 (1800 MHz LTE),1145,26.8,1.02,442.7,99.37,0
DZ-CELL-1671,Tiaret,B20 (800 MHz LTE),931,20.69,0.05,352.73,99.87,0
DZ-CELL-1672,Batna,B3 (1800 MHz LTE),785,28.59,0.17,508.45,99.93,0
DZ-CELL-1673,Algiers,n78 (3.5 GHz 5G),896,27.76,0.53,526.55,99.42,0
DZ-CELL-1674,Ghardaia,n78 (3.5 GHz 5G),600,41.22,0.31,497.65,99.97,0
DZ-CELL-1675,Tlemcen,B3 (1800 MHz LTE),1336,39.42,0.89,412.33,99.97,0
DZ-CELL-1676,Batna,n78 (3.5 GHz 5G),821,34.55,0.49,560.45,99.42,0
DZ-CELL-1677,Oran,B3 (1800 MHz LTE),979,38.13,0.06,433.11,99.76,0
DZ-CELL-1678,Blida,B7 (2600 MHz LTE),1902,88.12,3.04,880.61,98.68,1
DZ-CELL-1679,Constantine,B20 (800 MHz LTE),1247,29.37,0.08,595.5,99.64,0
DZ-CELL-1680,Bejaia,B20 (800 MHz LTE),554,33.59,0.57,753.37,99.88,0
DZ-CELL-1681,Tlemcen,B20 (800 MHz LTE),908,34.84,0.56,521.56,99.98,0
DZ-CELL-1682,Batna,n78 (3.5 GHz 5G),954,39.03,0.54,575.94,99.74,0
DZ-CELL-1683,Oran,B3 (1800 MHz LTE),780,30.34,0.98,377.9,99.99,0
DZ-CELL-1684,Ghardaia,B7 (2600 MHz LTE),865,33.4,0.45,379.2,99.43,0
DZ-CELL-1685,Tlemcen,n78 (3.5 GHz 5G),665,39.47,0.22,399.74,99.97,0
DZ-CELL-1686,Tizi Ouzou,B7 (2600 MHz LTE),855,30.02,1.45,322.05,99.92,0
DZ-CELL-1687,Tlemcen,B20 (800 MHz LTE),560,14.0,0.95,583.68,99.86,0
DZ-CELL-1688,Ghardaia,n78 (3.5 GHz 5G),599,32.18,1.45,460.04,99.78,0
DZ-CELL-1689,Tlemcen,n78 (3.5 GHz 5G),826,20.35,0.25,672.05,99.69,0
DZ-CELL-1690,Tiaret,B3 (1800 MHz LTE),962,28.36,0.47,348.03,99.94,0
DZ-CELL-1691,Blida,n78 (3.5 GHz 5G),340,32.63,0.17,661.64,99.82,0
DZ-CELL-1692,Blida,B20 (800 MHz LTE),849,32.16,1.14,429.64,99.95,0
DZ-CELL-1693,Blida,B7 (2600 MHz LTE),814,21.43,0.05,435.05,99.51,0
DZ-CELL-1694,Biskra,n78 (3.5 GHz 5G),955,37.1,0.08,515.38,99.89,0
DZ-CELL-1695,Oran,B3 (1800 MHz LTE),886,32.25,0.19,365.4,99.91,0
DZ-CELL-1696,Ghardaia,B3 (1800 MHz LTE),1170,38.06,0.05,617.81,99.92,0
DZ-CELL-1697,Oran,n78 (3.5 GHz 5G),751,46.28,0.32,413.41,99.6,0
DZ-CELL-1698,Oran,B20 (800 MHz LTE),803,43.28,1.45,515.43,99.72,0
DZ-CELL-1699,Ouargla,B7 (2600 MHz LTE),847,33.86,1.45,301.18,99.61,0
DZ-CELL-1700,Chlef,B3 (1800 MHz LTE),913,27.78,0.19,553.12,99.92,0
DZ-CELL-1701,Bejaia,B20 (800 MHz LTE),728,24.02,0.12,393.12,99.99,0
DZ-CELL-1702,Biskra,B3 (1800 MHz LTE),901,22.06,0.15,278.57,99.58,0
DZ-CELL-1703,Tlemcen,B20 (800 MHz LTE),579,31.88,0.18,580.76,99.98,0
DZ-CELL-1704,Ghardaia,n78 (3.5 GHz 5G),617,24.06,0.17,531.08,99.97,0
DZ-CELL-1705,Ghardaia,B3 (1800 MHz LTE),728,25.32,0.05,515.16,99.52,0
DZ-CELL-1706,Setif,B20 (800 MHz LTE),956,28.49,0.35,544.48,99.96,0
DZ-CELL-1707,Blida,B3 (1800 MHz LTE),759,43.77,1.23,487.55,99.52,0
DZ-CELL-1708,Bejaia,B7 (2600 MHz LTE),709,25.32,0.15,327.26,99.84,0
DZ-CELL-1709,Constantine,n78 (3.5 GHz 5G),497,35.66,0.08,384.51,99.93,0
DZ-CELL-1710,Annaba,B3 (1800 MHz LTE),1168,32.12,0.61,370.68,99.84,0
DZ-CELL-1711,Blida,B20 (800 MHz LTE),942,30.35,0.24,398.35,99.99,0
DZ-CELL-1712,Oran,B20 (800 MHz LTE),820,35.09,0.05,436.26,99.41,0
DZ-CELL-1713,Bejaia,B7 (2600 MHz LTE),589,35.03,0.05,419.57,99.2,0
DZ-CELL-1714,Ouargla,n78 (3.5 GHz 5G),1139,27.76,0.19,350.62,99.97,0
DZ-CELL-1715,Ghardaia,B3 (1800 MHz LTE),957,34.09,0.74,574.8,99.99,0
DZ-CELL-1716,Bejaia,B20 (800 MHz LTE),575,23.69,0.45,373.29,99.82,0
DZ-CELL-1717,Algiers,B7 (2600 MHz LTE),762,28.68,0.06,609.99,99.96,0
DZ-CELL-1718,Setif,B20 (800 MHz LTE),678,24.31,0.46,656.97,99.91,0
DZ-CELL-1719,Tizi Ouzou,B20 (800 MHz LTE),1032,28.34,0.28,538.7,99.68,0
DZ-CELL-1720,Blida,B3 (1800 MHz LTE),777,38.01,0.52,439.79,99.81,0
DZ-CELL-1721,Constantine,B7 (2600 MHz LTE),816,27.47,0.05,327.82,99.97,0
DZ-CELL-1722,Bejaia,n78 (3.5 GHz 5G),732,30.02,1.09,479.23,99.97,0
DZ-CELL-1723,Oran,B7 (2600 MHz LTE),802,35.55,0.08,456.52,99.32,0
DZ-CELL-1724,Tiaret,B3 (1800 MHz LTE),995,25.95,0.36,495.39,99.85,0
DZ-CELL-1725,Oran,B7 (2600 MHz LTE),1069,28.47,1.12,432.8,99.92,0
DZ-CELL-1726,Tlemcen,n78 (3.5 GHz 5G),1141,27.1,0.19,584.5,99.99,0
DZ-CELL-1727,Batna,B20 (800 MHz LTE),903,30.2,0.12,296.31,99.73,0
DZ-CELL-1728,Constantine,B20 (800 MHz LTE),818,37.9,0.19,472.95,99.87,0
DZ-CELL-1729,Setif,B20 (800 MHz LTE),967,37.24,0.38,452.18,99.71,0
DZ-CELL-1730,Ouargla,B3 (1800 MHz LTE),730,40.0,0.26,436.76,99.68,0
DZ-CELL-1731,Tizi Ouzou,B3 (1800 MHz LTE),1070,33.2,0.61,542.85,99.67,0
DZ-CELL-1732,Constantine,B7 (2600 MHz LTE),776,40.2,0.05,663.6,99.88,0
DZ-CELL-1733,Ouargla,B3 (1800 MHz LTE),642,26.44,0.45,622.08,99.96,0
DZ-CELL-1734,Biskra,B3 (1800 MHz LTE),915,44.16,0.1,591.04,99.87,0
DZ-CELL-1735,Setif,n78 (3.5 GHz 5G),664,25.37,1.03,195.27,99.85,0
DZ-CELL-1736,Biskra,n78 (3.5 GHz 5G),626,38.36,0.27,451.11,100.0,0
DZ-CELL-1737,Batna,n78 (3.5 GHz 5G),1039,77.03,2.73,666.34,99.05,1
DZ-CELL-1738,Setif,B7 (2600 MHz LTE),954,26.6,0.41,577.63,99.26,0
DZ-CELL-1739,Ouargla,B3 (1800 MHz LTE),1017,18.05,0.47,575.07,99.99,0
DZ-CELL-1740,Blida,n78 (3.5 GHz 5G),1931,64.31,1.5,1030.44,99.5,1
DZ-CELL-1741,Setif,n78 (3.5 GHz 5G),830,38.4,0.05,439.37,99.7,0
DZ-CELL-1742,Chlef,B20 (800 MHz LTE),777,34.69,0.25,536.68,99.85,0
DZ-CELL-1743,Algiers,B7 (2600 MHz LTE),666,23.24,0.11,537.26,99.99,0
DZ-CELL-1744,Tlemcen,B3 (1800 MHz LTE),988,17.92,0.88,399.52,99.39,0
DZ-CELL-1745,Algiers,B7 (2600 MHz LTE),1265,34.5,0.34,498.68,99.94,0
DZ-CELL-1746,Setif,B7 (2600 MHz LTE),769,26.71,0.34,701.68,99.96,0
DZ-CELL-1747,Ouargla,B7 (2600 MHz LTE),1133,42.94,1.45,315.42,99.74,0
DZ-CELL-1748,Ouargla,B20 (800 MHz LTE),866,32.93,0.4,542.49,99.8,0
DZ-CELL-1749,Setif,B20 (800 MHz LTE),619,30.13,0.34,755.18,99.92,0
DZ-CELL-1750,Oran,B3 (1800 MHz LTE),539,32.68,0.74,691.58,99.88,0
DZ-CELL-1751,Batna,n78 (3.5 GHz 5G),679,35.33,0.19,292.77,99.46,0
DZ-CELL-1752,Constantine,B7 (2600 MHz LTE),851,38.15,0.18,251.44,99.49,0
DZ-CELL-1753,Tlemcen,B7 (2600 MHz LTE),779,32.22,0.61,450.27,99.87,0
DZ-CELL-1754,Chlef,B20 (800 MHz LTE),1375,34.83,0.12,182.52,99.98,0
DZ-CELL-1755,Oran,n78 (3.5 GHz 5G),711,26.64,0.32,412.91,99.71,0
DZ-CELL-1756,Ghardaia,B3 (1800 MHz LTE),876,26.94,0.06,471.3,99.63,0
DZ-CELL-1757,Tlemcen,B3 (1800 MHz LTE),722,28.09,0.05,306.12,99.88,0
DZ-CELL-1758,Batna,B3 (1800 MHz LTE),1220,45.83,0.18,405.35,99.91,0
DZ-CELL-1759,Ghardaia,B20 (800 MHz LTE),779,33.63,1.45,444.07,99.3,0
DZ-CELL-1760,Bejaia,n78 (3.5 GHz 5G),911,39.62,0.54,574.84,99.88,0
DZ-CELL-1761,Bejaia,n78 (3.5 GHz 5G),845,87.45,3.7,563.28,97.39,1
DZ-CELL-1762,Setif,B3 (1800 MHz LTE),1042,31.77,0.42,302.25,99.92,0
DZ-CELL-1763,Tlemcen,B3 (1800 MHz LTE),915,33.44,0.33,605.92,99.98,0
DZ-CELL-1764,Blida,B7 (2600 MHz LTE),1151,19.75,0.05,530.63,99.83,0
DZ-CELL-1765,Ouargla,n78 (3.5 GHz 5G),892,33.66,0.65,368.88,99.9,0
DZ-CELL-1766,Ghardaia,B20 (800 MHz LTE),922,38.3,1.03,375.4,99.93,0
DZ-CELL-1767,Oran,n78 (3.5 GHz 5G),920,37.73,0.16,604.01,99.96,0
DZ-CELL-1768,Ghardaia,B3 (1800 MHz LTE),814,44.15,0.12,430.95,99.92,0
DZ-CELL-1769,Annaba,n78 (3.5 GHz 5G),874,23.2,1.45,468.47,99.95,0
DZ-CELL-1770,Bejaia,n78 (3.5 GHz 5G),786,29.29,0.66,664.65,100.0,0
DZ-CELL-1771,Chlef,B3 (1800 MHz LTE),429,31.56,0.76,424.45,99.57,0
DZ-CELL-1772,Tlemcen,B20 (800 MHz LTE),867,25.56,1.1,605.35,99.97,0
DZ-CELL-1773,Tiaret,B20 (800 MHz LTE),764,33.25,0.2,525.91,99.44,0
DZ-CELL-1774,Annaba,B20 (800 MHz LTE),649,22.86,0.54,545.5,99.73,0
DZ-CELL-1775,Ouargla,B7 (2600 MHz LTE),720,30.79,0.15,411.26,99.93,0
DZ-CELL-1776,Oran,B3 (1800 MHz LTE),1116,28.3,0.26,457.96,99.41,0
DZ-CELL-1777,Chlef,B7 (2600 MHz LTE),901,26.93,0.64,359.62,99.9,0
DZ-CELL-1778,Tizi Ouzou,B20 (800 MHz LTE),611,47.88,0.61,453.3,99.96,0
DZ-CELL-1779,Blida,B7 (2600 MHz LTE),434,23.31,0.05,295.03,99.82,0
DZ-CELL-1780,Annaba,B3 (1800 MHz LTE),1220,39.5,0.24,399.13,99.86,0
DZ-CELL-1781,Constantine,B20 (800 MHz LTE),1214,29.89,0.21,490.83,99.23,0
DZ-CELL-1782,Annaba,B7 (2600 MHz LTE),864,14.0,1.08,548.08,99.68,0
DZ-CELL-1783,Bejaia,B7 (2600 MHz LTE),1210,31.02,0.29,601.54,99.9,0
DZ-CELL-1784,Ouargla,B3 (1800 MHz LTE),681,31.74,0.36,588.92,99.95,0
DZ-CELL-1785,Constantine,n78 (3.5 GHz 5G),802,33.67,0.05,618.87,99.29,0
DZ-CELL-1786,Batna,n78 (3.5 GHz 5G),440,32.84,0.29,432.39,99.96,0
DZ-CELL-1787,Biskra,B20 (800 MHz LTE),1024,29.05,0.68,400.68,99.87,0
DZ-CELL-1788,Ghardaia,B20 (800 MHz LTE),718,28.34,0.18,460.71,99.11,0
DZ-CELL-1789,Constantine,n78 (3.5 GHz 5G),958,22.03,1.0,473.27,99.88,0
DZ-CELL-1790,Oran,n78 (3.5 GHz 5G),636,39.37,0.09,427.34,99.87,0
DZ-CELL-1791,Batna,B20 (800 MHz LTE),929,22.18,0.05,692.78,99.69,0
DZ-CELL-1792,Ouargla,B20 (800 MHz LTE),814,39.02,0.35,217.44,99.56,0
DZ-CELL-1793,Bejaia,B3 (1800 MHz LTE),740,29.7,0.43,560.81,99.48,0
DZ-CELL-1794,Blida,B3 (1800 MHz LTE),852,36.21,0.27,506.8,99.93,0
DZ-CELL-1795,Setif,n78 (3.5 GHz 5G),610,26.93,1.45,307.13,99.99,0
DZ-CELL-1796,Batna,B3 (1800 MHz LTE),675,33.12,0.08,534.35,99.94,0
DZ-CELL-1797,Algiers,B20 (800 MHz LTE),221,27.64,0.16,451.61,99.32,0
DZ-CELL-1798,Ghardaia,B20 (800 MHz LTE),814,35.23,0.38,485.0,100.0,0
DZ-CELL-1799,Oran,B3 (1800 MHz LTE),972,29.46,0.53,299.32,99.74,0
DZ-CELL-1800,Bejaia,n78 (3.5 GHz 5G),1287,49.1,0.23,479.39,99.82,0
DZ-CELL-1801,Batna,B3 (1800 MHz LTE),1109,33.83,0.53,312.68,99.86,0
DZ-CELL-1802,Batna,B7 (2600 MHz LTE),1133,27.43,0.08,308.07,99.89,0
DZ-CELL-1803,Blida,n78 (3.5 GHz 5G),590,31.36,0.71,646.11,99.83,0
DZ-CELL-1804,Chlef,B7 (2600 MHz LTE),1086,27.9,0.12,482.77,99.94,0
DZ-CELL-1805,Algiers,n78 (3.5 GHz 5G),510,14.0,1.45,545.06,99.83,0
DZ-CELL-1806,Oran,B20 (800 MHz LTE),1082,33.49,0.39,388.03,99.98,0
DZ-CELL-1807,Tiaret,B3 (1800 MHz LTE),1163,15.04,0.91,380.76,99.94,0
DZ-CELL-1808,Chlef,B7 (2600 MHz LTE),684,22.65,1.02,473.42,99.92,0
DZ-CELL-1809,Algiers,B7 (2600 MHz LTE),958,46.63,0.14,509.82,99.73,0
DZ-CELL-1810,Tiaret,n78 (3.5 GHz 5G),503,22.84,0.17,257.6,99.96,0
DZ-CELL-1811,Batna,B7 (2600 MHz LTE),307,51.98,3.0,133.03,94.3,1
DZ-CELL-1812,Blida,B20 (800 MHz LTE),1021,23.67,0.57,394.3,99.77,0
DZ-CELL-1813,Tlemcen,n78 (3.5 GHz 5G),894,33.09,0.61,407.64,99.95,0
DZ-CELL-1814,Ouargla,B20 (800 MHz LTE),819,41.04,0.11,612.73,99.84,0
DZ-CELL-1815,Biskra,B3 (1800 MHz LTE),514,29.13,0.12,405.15,99.95,0
DZ-CELL-1816,Ouargla,B20 (800 MHz LTE),1212,26.61,0.11,336.19,99.25,0
DZ-CELL-1817,Oran,B20 (800 MHz LTE),498,23.47,0.32,381.79,99.7,0
DZ-CELL-1818,Oran,n78 (3.5 GHz 5G),872,32.79,0.2,355.98,99.99,0
DZ-CELL-1819,Setif,B20 (800 MHz LTE),1098,19.09,0.53,379.22,99.71,0
DZ-CELL-1820,Tiaret,B7 (2600 MHz LTE),1056,27.58,0.16,666.94,99.76,0
DZ-CELL-1821,Blida,B3 (1800 MHz LTE),761,40.13,1.11,656.45,99.97,0
DZ-CELL-1822,Bejaia,B7 (2600 MHz LTE),942,43.68,0.14,253.03,99.83,0
DZ-CELL-1823,Tizi Ouzou,B20 (800 MHz LTE),780,33.28,0.45,585.09,99.85,0
DZ-CELL-1824,Setif,n78 (3.5 GHz 5G),417,31.38,0.09,256.02,99.94,0
DZ-CELL-1825,Constantine,B3 (1800 MHz LTE),860,23.75,1.18,468.12,99.6,0
DZ-CELL-1826,Setif,n78 (3.5 GHz 5G),717,34.38,0.67,545.06,99.98,0
DZ-CELL-1827,Biskra,B20 (800 MHz LTE),999,39.76,0.39,529.01,99.79,0
DZ-CELL-1828,Ghardaia,B7 (2600 MHz LTE),1228,14.0,0.05,406.03,99.89,0
DZ-CELL-1829,Biskra,B3 (1800 MHz LTE),899,34.97,0.06,281.08,99.76,0
DZ-CELL-1830,Biskra,n78 (3.5 GHz 5G),739,35.29,0.05,219.12,99.98,0
DZ-CELL-1831,Chlef,B20 (800 MHz LTE),1299,38.67,0.79,519.73,99.8,0
DZ-CELL-1832,Algiers,B20 (800 MHz LTE),760,27.37,0.22,496.04,99.64,0
DZ-CELL-1833,Setif,B7 (2600 MHz LTE),978,27.32,0.6,517.22,99.94,0
DZ-CELL-1834,Annaba,B20 (800 MHz LTE),542,41.17,1.45,380.93,99.47,0
DZ-CELL-1835,Ouargla,n78 (3.5 GHz 5G),637,37.73,1.45,536.25,99.26,0
DZ-CELL-1836,Annaba,B7 (2600 MHz LTE),1142,41.91,0.06,466.23,99.99,0
DZ-CELL-1837,Constantine,B7 (2600 MHz LTE),1036,40.11,0.54,429.8,99.88,0
DZ-CELL-1838,Oran,B20 (800 MHz LTE),827,27.24,0.28,502.05,99.93,0
DZ-CELL-1839,Ghardaia,B3 (1800 MHz LTE),983,26.4,1.45,484.79,99.91,0
DZ-CELL-1840,Chlef,B3 (1800 MHz LTE),367,29.49,0.52,618.09,99.94,0
DZ-CELL-1841,Biskra,B20 (800 MHz LTE),1058,26.29,0.48,438.8,99.99,0
DZ-CELL-1842,Tizi Ouzou,B7 (2600 MHz LTE),1070,33.98,1.0,284.07,99.98,0
DZ-CELL-1843,Bejaia,n78 (3.5 GHz 5G),359,39.47,0.13,538.22,99.89,0
DZ-CELL-1844,Constantine,B7 (2600 MHz LTE),918,20.16,0.1,540.71,99.99,0
DZ-CELL-1845,Constantine,B7 (2600 MHz LTE),999,30.41,0.19,609.68,99.84,0
DZ-CELL-1846,Tiaret,n78 (3.5 GHz 5G),894,29.61,0.39,425.55,99.96,0
DZ-CELL-1847,Algiers,n78 (3.5 GHz 5G),740,32.93,0.83,411.15,100.0,0
DZ-CELL-1848,Blida,B7 (2600 MHz LTE),871,27.55,0.77,352.72,99.82,0
DZ-CELL-1849,Batna,B20 (800 MHz LTE),556,37.6,0.39,633.85,99.73,0
DZ-CELL-1850,Ouargla,n78 (3.5 GHz 5G),617,36.72,0.2,573.51,99.34,0
DZ-CELL-1851,Annaba,B7 (2600 MHz LTE),941,23.4,0.05,531.24,99.66,0
DZ-CELL-1852,Setif,n78 (3.5 GHz 5G),1260,41.32,0.68,573.04,99.99,0
DZ-CELL-1853,Tizi Ouzou,B7 (2600 MHz LTE),963,36.78,0.15,529.49,99.8,0
DZ-CELL-1854,Blida,n78 (3.5 GHz 5G),893,31.39,0.05,348.6,99.75,0
DZ-CELL-1855,Batna,B20 (800 MHz LTE),912,28.0,0.31,408.07,99.51,0
DZ-CELL-1856,Ouargla,n78 (3.5 GHz 5G),748,29.2,0.64,576.93,99.97,0
DZ-CELL-1857,Chlef,n78 (3.5 GHz 5G),850,22.73,0.08,554.31,99.77,0
DZ-CELL-1858,Constantine,B7 (2600 MHz LTE),1172,36.04,0.17,241.34,99.17,0
DZ-CELL-1859,Ouargla,B7 (2600 MHz LTE),176,59.23,3.62,159.08,89.9,1
DZ-CELL-1860,Algiers,n78 (3.5 GHz 5G),919,30.59,0.14,555.95,99.96,0
DZ-CELL-1861,Ghardaia,B20 (800 MHz LTE),908,31.63,1.31,533.8,99.77,0
DZ-CELL-1862,Chlef,B3 (1800 MHz LTE),645,27.57,0.16,460.43,99.68,0
DZ-CELL-1863,Tiaret,B3 (1800 MHz LTE),649,23.42,0.05,539.58,99.96,0
DZ-CELL-1864,Setif,B3 (1800 MHz LTE),1146,22.54,0.35,609.81,99.8,0
DZ-CELL-1865,Ouargla,B7 (2600 MHz LTE),1101,39.29,0.38,467.84,99.64,0
DZ-CELL-1866,Setif,n78 (3.5 GHz 5G),1089,41.0,1.45,561.67,99.98,0
DZ-CELL-1867,Tizi Ouzou,B7 (2600 MHz LTE),709,32.95,0.22,489.57,99.8,0
DZ-CELL-1868,Ghardaia,n78 (3.5 GHz 5G),471,17.5,0.17,520.72,99.94,0
DZ-CELL-1869,Oran,B7 (2600 MHz LTE),978,31.04,1.09,453.85,99.8,0
DZ-CELL-1870,Ghardaia,n78 (3.5 GHz 5G),639,38.55,0.57,471.27,99.8,0
DZ-CELL-1871,Tizi Ouzou,B20 (800 MHz LTE),783,34.09,0.12,446.46,99.79,0
DZ-CELL-1872,Tizi Ouzou,B3 (1800 MHz LTE),1208,19.94,0.05,567.1,98.53,0
DZ-CELL-1873,Tlemcen,B3 (1800 MHz LTE),724,26.85,0.49,387.23,99.33,0
DZ-CELL-1874,Tlemcen,B20 (800 MHz LTE),851,38.44,0.71,414.39,99.94,0
DZ-CELL-1875,Annaba,n78 (3.5 GHz 5G),784,28.63,0.05,608.19,99.92,0
DZ-CELL-1876,Oran,B20 (800 MHz LTE),856,32.78,0.24,417.7,99.99,0
DZ-CELL-1877,Annaba,B3 (1800 MHz LTE),1032,37.44,0.31,495.03,99.63,0
DZ-CELL-1878,Blida,B3 (1800 MHz LTE),1240,28.54,0.59,429.44,99.8,0
DZ-CELL-1879,Ghardaia,B20 (800 MHz LTE),612,30.52,0.34,412.81,98.88,0
DZ-CELL-1880,Ouargla,B7 (2600 MHz LTE),1145,31.19,0.25,526.4,99.56,0
DZ-CELL-1881,Constantine,B3 (1800 MHz LTE),1138,44.97,0.45,317.53,99.89,0
DZ-CELL-1882,Setif,n78 (3.5 GHz 5G),688,26.98,0.6,487.46,99.96,0
DZ-CELL-1883,Tiaret,B7 (2600 MHz LTE),800,64.81,4.73,599.27,98.49,1
DZ-CELL-1884,Batna,B3 (1800 MHz LTE),592,49.05,0.33,478.17,99.75,0
DZ-CELL-1885,Tizi Ouzou,B3 (1800 MHz LTE),826,44.51,0.12,434.74,99.66,0
DZ-CELL-1886,Algiers,B20 (800 MHz LTE),551,35.11,0.12,600.57,99.89,0
DZ-CELL-1887,Annaba,B7 (2600 MHz LTE),943,36.5,0.5,436.53,99.88,0
DZ-CELL-1888,Chlef,n78 (3.5 GHz 5G),531,31.56,0.44,258.09,99.83,0
DZ-CELL-1889,Oran,B20 (800 MHz LTE),226,45.11,0.4,437.02,99.86,0
DZ-CELL-1890,Annaba,B20 (800 MHz LTE),814,21.69,0.13,452.65,99.39,0
DZ-CELL-1891,Oran,B3 (1800 MHz LTE),987,48.62,0.35,541.24,99.97,0
DZ-CELL-1892,Annaba,n78 (3.5 GHz 5G),674,30.14,0.44,643.02,99.95,0
DZ-CELL-1893,Biskra,n78 (3.5 GHz 5G),787,29.57,1.18,352.57,99.75,0
DZ-CELL-1894,Oran,B3 (1800 MHz LTE),972,14.0,0.05,551.75,99.98,0
DZ-CELL-1895,Ghardaia,n78 (3.5 GHz 5G),491,22.56,0.57,560.48,99.7,0
DZ-CELL-1896,Bejaia,B3 (1800 MHz LTE),1077,43.73,1.0,454.56,99.94,0
DZ-CELL-1897,Biskra,B7 (2600 MHz LTE),723,38.73,0.11,604.32,99.95,0
DZ-CELL-1898,Tiaret,B7 (2600 MHz LTE),706,19.96,0.12,470.9,99.92,0
DZ-CELL-1899,Setif,n78 (3.5 GHz 5G),1793,67.88,2.82,944.68,98.49,1
DZ-CELL-1900,Bejaia,B20 (800 MHz LTE),743,32.93,0.44,370.78,99.71,0
DZ-CELL-1901,Annaba,n78 (3.5 GHz 5G),532,29.01,1.32,616.76,99.9,0
DZ-CELL-1902,Constantine,B3 (1800 MHz LTE),308,123.91,6.38,144.64,95.45,1
DZ-CELL-1903,Oran,B3 (1800 MHz LTE),727,28.53,1.37,564.62,99.99,0
DZ-CELL-1904,Tlemcen,n78 (3.5 GHz 5G),877,23.17,0.39,559.51,99.78,0
DZ-CELL-1905,Algiers,n78 (3.5 GHz 5G),874,16.75,0.31,712.36,99.99,0
DZ-CELL-1906,Blida,B20 (800 MHz LTE),857,46.98,0.65,349.21,99.79,0
DZ-CELL-1907,Tiaret,B3 (1800 MHz LTE),839,33.01,0.43,466.96,99.97,0
DZ-CELL-1908,Blida,B3 (1800 MHz LTE),854,36.17,0.05,329.85,99.67,0
DZ-CELL-1909,Blida,B7 (2600 MHz LTE),1004,14.0,0.63,494.15,99.97,0
DZ-CELL-1910,Tiaret,B3 (1800 MHz LTE),1289,47.21,0.05,601.43,99.61,0
DZ-CELL-1911,Ouargla,B20 (800 MHz LTE),793,36.39,0.06,439.28,99.75,0
DZ-CELL-1912,Constantine,B3 (1800 MHz LTE),905,25.91,0.2,406.8,99.8,0
DZ-CELL-1913,Blida,B20 (800 MHz LTE),1008,37.86,0.93,373.7,99.97,0
DZ-CELL-1914,Ghardaia,B7 (2600 MHz LTE),907,39.67,0.06,349.86,99.76,0
DZ-CELL-1915,Ghardaia,n78 (3.5 GHz 5G),794,28.97,0.32,509.2,99.66,0
DZ-CELL-1916,Tiaret,n78 (3.5 GHz 5G),855,37.53,1.35,224.77,99.62,0
DZ-CELL-1917,Biskra,B7 (2600 MHz LTE),1022,14.0,0.3,390.03,99.62,0
DZ-CELL-1918,Ouargla,B7 (2600 MHz LTE),775,40.75,0.18,780.0,99.95,0
DZ-CELL-1919,Oran,n78 (3.5 GHz 5G),782,31.5,0.18,640.01,99.98,0
DZ-CELL-1920,Algiers,B20 (800 MHz LTE),655,28.1,0.28,533.48,99.84,0
DZ-CELL-1921,Annaba,B3 (1800 MHz LTE),421,26.37,1.45,255.17,99.91,0
DZ-CELL-1922,Ouargla,B7 (2600 MHz LTE),660,25.92,0.28,398.71,99.75,0
DZ-CELL-1923,Tizi Ouzou,B3 (1800 MHz LTE),993,31.57,0.67,443.0,99.92,0
DZ-CELL-1924,Blida,B20 (800 MHz LTE),544,34.25,0.61,513.81,99.91,0
DZ-CELL-1925,Chlef,n78 (3.5 GHz 5G),795,24.95,1.06,607.33,99.97,0
DZ-CELL-1926,Ghardaia,n78 (3.5 GHz 5G),843,22.04,0.05,473.11,99.49,0
DZ-CELL-1927,Setif,B3 (1800 MHz LTE),903,19.19,0.55,516.57,99.78,0
DZ-CELL-1928,Ouargla,B7 (2600 MHz LTE),766,33.09,0.05,544.66,99.86,0
DZ-CELL-1929,Setif,B20 (800 MHz LTE),986,25.92,0.15,428.89,99.91,0
DZ-CELL-1930,Ghardaia,B3 (1800 MHz LTE),904,44.01,0.05,555.41,99.8,0
DZ-CELL-1931,Ghardaia,B20 (800 MHz LTE),818,30.83,0.2,634.39,99.98,0
DZ-CELL-1932,Setif,B3 (1800 MHz LTE),915,34.95,0.08,191.27,99.8,0
DZ-CELL-1933,Ouargla,B20 (800 MHz LTE),1410,32.83,0.35,547.84,99.99,0
DZ-CELL-1934,Tlemcen,n78 (3.5 GHz 5G),701,35.12,0.81,427.66,99.94,0
DZ-CELL-1935,Tiaret,n78 (3.5 GHz 5G),668,21.76,0.3,401.84,99.9,0
DZ-CELL-1936,Tizi Ouzou,n78 (3.5 GHz 5G),732,33.13,0.81,780.0,99.84,0
DZ-CELL-1937,Blida,B7 (2600 MHz LTE),1149,28.6,0.17,425.73,99.82,0
DZ-CELL-1938,Batna,n78 (3.5 GHz 5G),282,79.05,6.55,147.62,92.56,1
DZ-CELL-1939,Tizi Ouzou,B20 (800 MHz LTE),758,35.34,0.46,392.12,99.69,0
DZ-CELL-1940,Ouargla,B3 (1800 MHz LTE),887,34.93,0.08,549.57,99.95,0
DZ-CELL-1941,Tiaret,n78 (3.5 GHz 5G),745,33.51,0.23,433.5,99.49,0
DZ-CELL-1942,Oran,n78 (3.5 GHz 5G),697,33.91,1.33,389.57,99.9,0
DZ-CELL-1943,Bejaia,B7 (2600 MHz LTE),581,31.96,0.06,407.68,99.9,0
DZ-CELL-1944,Chlef,B20 (800 MHz LTE),1115,27.04,0.73,436.89,99.91,0
DZ-CELL-1945,Blida,B3 (1800 MHz LTE),626,34.86,0.55,431.06,99.96,0
DZ-CELL-1946,Oran,B20 (800 MHz LTE),671,29.94,0.45,422.99,99.83,0
DZ-CELL-1947,Biskra,B20 (800 MHz LTE),479,87.82,7.04,101.03,91.71,1
DZ-CELL-1948,Batna,n78 (3.5 GHz 5G),942,39.51,0.47,663.01,99.72,0
DZ-CELL-1949,Constantine,n78 (3.5 GHz 5G),917,23.46,0.72,520.09,99.75,0
DZ-CELL-1950,Blida,n78 (3.5 GHz 5G),833,25.57,0.09,600.62,99.81,0
DZ-CELL-1951,Algiers,B20 (800 MHz LTE),367,39.27,0.11,531.85,99.97,0
DZ-CELL-1952,Bejaia,n78 (3.5 GHz 5G),809,33.41,1.45,480.35,99.2,0
DZ-CELL-1953,Setif,B3 (1800 MHz LTE),1120,29.82,0.46,414.65,99.91,0
DZ-CELL-1954,Oran,n78 (3.5 GHz 5G),1335,41.0,0.48,398.63,99.63,0
DZ-CELL-1955,Blida,B7 (2600 MHz LTE),556,35.67,0.37,429.81,99.71,0
DZ-CELL-1956,Algiers,B7 (2600 MHz LTE),648,37.02,0.38,458.47,99.32,0
DZ-CELL-1957,Ghardaia,n78 (3.5 GHz 5G),1083,23.49,0.22,463.31,99.39,0
DZ-CELL-1958,Algiers,B7 (2600 MHz LTE),1026,29.06,0.96,407.87,99.74,0
DZ-CELL-1959,Oran,B7 (2600 MHz LTE),798,39.75,0.26,404.24,99.87,0
DZ-CELL-1960,Ouargla,B20 (800 MHz LTE),728,41.82,0.26,318.08,99.85,0
DZ-CELL-1961,Blida,n78 (3.5 GHz 5G),547,28.17,0.33,605.49,99.78,0
DZ-CELL-1962,Bejaia,B3 (1800 MHz LTE),646,24.8,1.22,542.13,99.79,0
DZ-CELL-1963,Bejaia,B7 (2600 MHz LTE),1209,32.63,0.32,443.13,99.84,0
DZ-CELL-1964,Biskra,n78 (3.5 GHz 5G),702,30.32,0.1,467.37,99.87,0
DZ-CELL-1965,Blida,B20 (800 MHz LTE),974,34.34,0.32,676.07,99.94,0
DZ-CELL-1966,Batna,B3 (1800 MHz LTE),694,35.91,0.09,282.48,99.94,0
DZ-CELL-1967,Bejaia,B7 (2600 MHz LTE),777,42.08,0.78,622.26,99.89,0
DZ-CELL-1968,Chlef,B20 (800 MHz LTE),811,29.55,1.45,655.82,100.0,0
DZ-CELL-1969,Tlemcen,B20 (800 MHz LTE),1011,27.83,0.38,482.41,99.49,0
DZ-CELL-1970,Biskra,B20 (800 MHz LTE),859,35.71,0.28,497.09,99.99,0
DZ-CELL-1971,Annaba,B3 (1800 MHz LTE),937,20.05,0.29,456.86,99.88,0
DZ-CELL-1972,Algiers,B7 (2600 MHz LTE),448,39.86,0.08,621.69,99.78,0
DZ-CELL-1973,Batna,n78 (3.5 GHz 5G),1752,79.12,2.45,928.6,99.34,1
DZ-CELL-1974,Setif,B20 (800 MHz LTE),746,32.22,0.13,720.36,99.84,0
DZ-CELL-1975,Tiaret,n78 (3.5 GHz 5G),698,25.45,0.37,585.89,99.98,0
DZ-CELL-1976,Annaba,B20 (800 MHz LTE),1181,28.1,0.53,251.81,99.88,0
DZ-CELL-1977,Tiaret,n78 (3.5 GHz 5G),845,35.22,0.96,571.48,99.95,0
DZ-CELL-1978,Annaba,B3 (1800 MHz LTE),778,37.55,0.17,558.03,99.99,0
DZ-CELL-1979,Constantine,B3 (1800 MHz LTE),854,39.05,0.23,437.15,99.96,0
DZ-CELL-1980,Batna,B7 (2600 MHz LTE),431,22.63,1.11,483.45,99.11,0
DZ-CELL-1981,Tizi Ouzou,n78 (3.5 GHz 5G),1203,26.8,0.14,474.01,99.89,0
DZ-CELL-1982,Oran,B20 (800 MHz LTE),680,38.67,0.4,502.09,99.57,0
DZ-CELL-1983,Biskra,B20 (800 MHz LTE),872,43.58,0.37,489.39,99.84,0
DZ-CELL-1984,Tiaret,B3 (1800 MHz LTE),468,33.66,0.05,585.19,99.31,0
DZ-CELL-1985,Chlef,B20 (800 MHz LTE),1361,26.48,0.36,477.07,99.63,0
DZ-CELL-1986,Tizi Ouzou,B20 (800 MHz LTE),1045,89.46,4.74,167.45,97.25,1
DZ-CELL-1987,Tiaret,B7 (2600 MHz LTE),827,22.43,0.52,388.68,99.41,0
DZ-CELL-1988,Ouargla,B20 (800 MHz LTE),1027,27.5,0.05,395.64,99.46,0
DZ-CELL-1989,Chlef,B7 (2600 MHz LTE),864,37.3,0.78,610.98,99.79,0
DZ-CELL-1990,Oran,B7 (2600 MHz LTE),857,38.04,0.06,361.89,99.82,0
DZ-CELL-1991,Ouargla,B7 (2600 MHz LTE),867,49.54,0.05,443.25,99.96,0
DZ-CELL-1992,Annaba,n78 (3.5 GHz 5G),991,31.91,0.22,664.07,99.81,0
DZ-CELL-1993,Algiers,B20 (800 MHz LTE),720,26.49,0.11,297.76,99.32,0
DZ-CELL-1994,Chlef,B20 (800 MHz LTE),778,24.97,0.05,555.81,99.96,0
DZ-CELL-1995,Batna,B7 (2600 MHz LTE),699,31.62,0.05,388.75,99.98,0
DZ-CELL-1996,Bejaia,B3 (1800 MHz LTE),979,37.0,1.11,527.96,99.99,0
DZ-CELL-1997,Oran,B20 (800 MHz LTE),1035,35.9,0.72,526.87,99.86,0
DZ-CELL-1998,Tlemcen,n78 (3.5 GHz 5G),978,28.62,0.58,403.84,99.69,0
DZ-CELL-1999,Chlef,n78 (3.5 GHz 5G),705,28.81,0.83,596.38,99.84,0
